game_id,event_id,event_type,period,period_type,time_in_period,time_remaining,coordinates_x,coordinates_y,zone_code,event_owner_team_id,away_team_id,home_team_id,situation_code,home_team_defending_side,shot_type,shooter_id,goalie_id,away_sog,home_sog,scoring_player_id,assist1_player_id,assist2_player_id,away_score,home_score
2024020890,52,period-start,1,REG,00:00,20:00,,,,,59,15,1551,right,,,,,,,,,,
2024020890,51,faceoff,1,REG,00:00,20:00,0.0,0.0,N,59.0,59,15,1551,right,,,,,,,,,,
2024020890,120,giveaway,1,REG,00:53,19:07,-57.0,29.0,D,59.0,59,15,1551,right,,,,,,,,,,
2024020890,112,goal,1,REG,01:10,18:50,36.0,-7.0,O,59.0,59,15,1551,right,wrist,,8480313.0,,,8482659.0,8480855.0,8478971.0,1.0,0.0
2024020890,53,faceoff,1,REG,01:10,18:50,0.0,0.0,N,59.0,59,15,1551,right,,,,,,,,,,
2024020890,134,giveaway,1,REG,01:21,18:39,63.0,41.0,O,59.0,59,15,1551,right,,,,,,,,,,
2024020890,117,goal,1,REG,01:42,18:18,84.0,3.0,O,59.0,59,15,1551,right,tip-in,,8480313.0,,,8479619.0,8482699.0,8480084.0,2.0,0.0
2024020890,54,faceoff,1,REG,01:42,18:18,0.0,0.0,N,59.0,59,15,1551,right,,,,,,,,,,
2024020890,147,giveaway,1,REG,01:48,18:12,19.0,-12.0,N,59.0,59,15,1551,right,,,,,,,,,,
2024020890,146,hit,1,REG,02:21,17:39,21.0,24.0,N,59.0,59,15,1551,right,,,,,,,,,,
2024020890,149,giveaway,1,REG,02:45,17:15,-52.0,-42.0,O,15.0,59,15,1551,right,,,,,,,,,,
2024020890,136,missed-shot,1,REG,03:06,16:54,50.0,-28.0,O,59.0,59,15,1551,right,slap,8479343.0,8480313.0,,,,,,,
2024020890,8,stoppage,1,REG,03:09,16:51,,,,,59,15,1551,right,,,,,,,,,,
2024020890,55,faceoff,1,REG,03:09,16:51,69.0,-22.0,O,59.0,59,15,1551,right,,,,,,,,,,
2024020890,143,penalty,1,REG,03:15,16:45,38.0,35.0,O,59.0,59,15,1551,right,,,,,,,,,,
2024020890,201,faceoff,1,REG,03:15,16:45,-69.0,22.0,O,15.0,59,15,1451,right,,,,,,,,,,
2024020890,148,shot-on-goal,1,REG,03:22,16:38,70.0,18.0,O,59.0,59,15,1451,right,wrist,8477021.0,8480313.0,1.0,0.0,,,,,
2024020890,150,goal,1,REG,03:47,16:13,-72.0,14.0,O,15.0,59,15,1451,right,slap,,8478971.0,,,8476880.0,8479400.0,8478440.0,2.0,1.0
2024020890,202,faceoff,1,REG,03:47,16:13,0.0,0.0,N,59.0,59,15,1551,right,,,,,,,,,,
2024020890,182,giveaway,1,REG,03:51,16:09,-37.0,-27.0,D,59.0,59,15,1551,right,,,,,,,,,,
2024020890,187,giveaway,1,REG,03:57,16:03,-42.0,-36.0,D,59.0,59,15,1551,right,,,,,,,,,,
2024020890,189,giveaway,1,REG,04:06,15:54,-87.0,-32.0,D,59.0,59,15,1551,right,,,,,,,,,,
2024020890,190,giveaway,1,REG,05:00,15:00,-29.0,-41.0,O,15.0,59,15,1551,right,,,,,,,,,,
2024020890,167,missed-shot,1,REG,05:04,14:56,43.0,-40.0,O,59.0,59,15,1551,right,wrist,8478831.0,8480313.0,,,,,,,
2024020890,168,blocked-shot,1,REG,05:09,14:51,80.0,6.0,D,59.0,59,15,1551,right,,8479410.0,,,,,,,,
2024020890,191,takeaway,1,REG,05:15,14:45,43.0,-4.0,O,59.0,59,15,1551,right,,,,,,,,,,
2024020890,169,shot-on-goal,1,REG,05:19,14:41,52.0,31.0,O,59.0,59,15,1551,right,slap,8477070.0,8480313.0,2.0,0.0,,,,,
2024020890,172,shot-on-goal,1,REG,05:24,14:36,82.0,-12.0,O,59.0,59,15,1551,right,wrist,8477021.0,8480313.0,3.0,0.0,,,,,
2024020890,173,blocked-shot,1,REG,05:26,14:34,87.0,6.0,D,59.0,59,15,1551,right,,8475760.0,,,,,,,,
2024020890,175,shot-on-goal,1,REG,05:27,14:33,82.0,8.0,O,59.0,59,15,1551,right,backhand,8480084.0,8480313.0,4.0,0.0,,,,,
2024020890,184,missed-shot,1,REG,05:59,14:01,-63.0,-24.0,O,15.0,59,15,1551,right,snap,8474590.0,8478971.0,,,,,,,
2024020890,9,stoppage,1,REG,06:02,13:58,,,,,59,15,1551,right,,,,,,,,,,
2024020890,203,faceoff,1,REG,06:02,13:58,-69.0,-22.0,D,59.0,59,15,1551,right,,,,,,,,,,
2024020890,10,stoppage,1,REG,06:19,13:41,,,,,59,15,1551,right,,,,,,,,,,
2024020890,56,faceoff,1,REG,06:19,13:41,0.0,0.0,N,15.0,59,15,1551,right,,,,,,,,,,
2024020890,259,hit,1,REG,06:58,13:02,-97.0,6.0,N,15.0,59,15,1551,right,,,,,,,,,,
2024020890,255,goal,1,REG,07:07,12:53,79.0,-8.0,O,59.0,59,15,1551,right,wrist,,8480313.0,,,8480855.0,8480891.0,8482659.0,3.0,1.0
2024020890,57,faceoff,1,REG,07:07,12:53,0.0,0.0,N,15.0,59,15,1551,right,,,,,,,,,,
2024020890,264,hit,1,REG,07:31,12:29,-63.0,38.0,N,15.0,59,15,1551,right,,,,,,,,,,
2024020890,11,stoppage,1,REG,07:36,12:24,,,,,59,15,1551,right,,,,,,,,,,
2024020890,58,faceoff,1,REG,07:36,12:24,20.0,-22.0,N,59.0,59,15,1551,right,,,,,,,,,,
2024020890,266,shot-on-goal,1,REG,08:12,11:48,-34.0,-34.0,O,15.0,59,15,1551,right,wrist,8479345.0,8478971.0,4.0,1.0,,,,,
2024020890,270,missed-shot,1,REG,08:26,11:34,73.0,-40.0,O,59.0,59,15,1551,right,wrist,8475760.0,8480313.0,,,,,,,
2024020890,277,shot-on-goal,1,REG,08:41,11:19,-49.0,-16.0,O,15.0,59,15,1551,right,wrist,8479400.0,8478971.0,4.0,2.0,,,,,
2024020890,279,shot-on-goal,1,REG,08:45,11:15,-76.0,15.0,O,15.0,59,15,1551,right,slap,8481580.0,8478971.0,4.0,3.0,,,,,
2024020890,351,blocked-shot,1,REG,08:48,11:12,-81.0,-5.0,D,15.0,59,15,1551,right,,8479400.0,,,,,,,,
2024020890,285,shot-on-goal,1,REG,09:12,10:48,-43.0,24.0,O,15.0,59,15,1551,right,slap,8471214.0,8478971.0,4.0,4.0,,,,,
2024020890,288,shot-on-goal,1,REG,09:15,10:45,-82.0,-1.0,O,15.0,59,15,1551,right,tip-in,8471214.0,8478971.0,4.0,5.0,,,,,
2024020890,12,stoppage,1,REG,09:44,10:16,,,,,59,15,1551,right,,,,,,,,,,
2024020890,59,faceoff,1,REG,09:44,10:16,0.0,0.0,N,15.0,59,15,1551,right,,,,,,,,,,
2024020890,296,blocked-shot,1,REG,09:52,10:08,81.0,4.0,D,59.0,59,15,1551,right,,8480855.0,,,,,,,,
2024020890,297,blocked-shot,1,REG,09:54,10:06,67.0,-9.0,D,59.0,59,15,1551,right,,8480891.0,,,,,,,,
2024020890,13,stoppage,1,REG,09:58,10:02,,,,,59,15,1551,right,,,,,,,,,,
2024020890,60,faceoff,1,REG,09:58,10:02,69.0,-22.0,O,59.0,59,15,1551,right,,,,,,,,,,
2024020890,307,hit,1,REG,10:01,09:59,34.0,-35.0,O,59.0,59,15,1551,right,,,,,,,,,,
2024020890,303,missed-shot,1,REG,10:36,09:24,43.0,27.0,O,59.0,59,15,1551,right,snap,8482659.0,8480313.0,,,,,,,
2024020890,311,shot-on-goal,1,REG,10:56,09:04,89.0,-33.0,D,15.0,59,15,1551,right,wrist,8480873.0,8478971.0,4.0,6.0,,,,,
2024020890,14,stoppage,1,REG,11:03,08:57,,,,,59,15,1551,right,,,,,,,,,,
2024020890,204,faceoff,1,REG,11:03,08:57,-69.0,-22.0,D,59.0,59,15,1551,right,,,,,,,,,,
2024020890,323,hit,1,REG,11:10,08:50,-96.0,-8.0,N,15.0,59,15,1551,right,,,,,,,,,,
2024020890,324,giveaway,1,REG,11:12,08:48,-96.0,-6.0,D,59.0,59,15,1551,right,,,,,,,,,,
2024020890,17,delayed-penalty,1,REG,11:37,08:23,,,,59.0,59,15,1551,right,,,,,,,,,,
2024020890,320,penalty,1,REG,11:39,08:21,30.0,28.0,O,59.0,59,15,1551,right,,,,,,,,,,
2024020890,18,stoppage,1,REG,11:39,08:21,,,,,59,15,1451,right,,,,,,,,,,
2024020890,205,faceoff,1,REG,11:39,08:21,-69.0,22.0,D,59.0,59,15,1451,right,,,,,,,,,,
2024020890,327,blocked-shot,1,REG,12:18,07:42,-41.0,13.0,D,15.0,59,15,1451,right,,8471214.0,,,,,,,,
2024020890,352,shot-on-goal,1,REG,12:30,07:30,-88.0,-9.0,O,15.0,59,15,1451,right,wrist,8479400.0,8478971.0,4.0,7.0,,,,,
2024020890,353,missed-shot,1,REG,12:31,07:29,-88.0,-6.0,O,15.0,59,15,1451,right,backhand,8476880.0,8478971.0,,,,,,,
2024020890,328,shot-on-goal,1,REG,12:34,07:26,-58.0,9.0,O,15.0,59,15,1451,right,slap,8471214.0,8478971.0,4.0,8.0,,,,,
2024020890,206,missed-shot,1,REG,12:36,07:24,-82.0,0.0,O,15.0,59,15,1451,right,wrist,8476880.0,8478971.0,,,,,,,
2024020890,329,goal,1,REG,12:38,07:22,-90.0,6.0,O,15.0,59,15,1451,right,wrist,,8478971.0,,,8479400.0,8476880.0,8471214.0,3.0,2.0
2024020890,19,stoppage,1,REG,12:38,07:22,,,,,59,15,1551,right,,,,,,,,,,
2024020890,207,faceoff,1,REG,12:38,07:22,0.0,0.0,N,15.0,59,15,1551,right,,,,,,,,,,
2024020890,341,hit,1,REG,12:47,07:13,75.0,39.0,O,59.0,59,15,1551,right,,,,,,,,,,
2024020890,340,giveaway,1,REG,12:49,07:11,98.0,20.0,D,15.0,59,15,1551,right,,,,,,,,,,
2024020890,208,blocked-shot,1,REG,12:51,07:09,74.0,-14.0,D,59.0,59,15,1551,right,,8480084.0,,,,,,,,
2024020890,346,hit,1,REG,12:57,07:03,56.0,-38.0,N,15.0,59,15,1551,right,,,,,,,,,,
2024020890,20,stoppage,1,REG,13:34,06:26,,,,,59,15,1551,right,,,,,,,,,,
2024020890,61,faceoff,1,REG,13:34,06:26,69.0,22.0,D,15.0,59,15,1551,right,,,,,,,,,,
2024020890,345,missed-shot,1,REG,13:40,06:20,52.0,20.0,O,59.0,59,15,1551,right,slap,8479343.0,8480313.0,,,,,,,
2024020890,406,shot-on-goal,1,REG,14:43,05:17,-79.0,-14.0,O,15.0,59,15,1551,right,snap,8474189.0,8478872.0,4.0,9.0,,,,,
2024020890,429,hit,1,REG,15:01,04:59,97.0,12.0,O,59.0,59,15,1551,right,,,,,,,,,,
2024020890,415,shot-on-goal,1,REG,15:22,04:38,-19.0,19.0,N,15.0,59,15,1551,right,tip-in,8471214.0,8478872.0,4.0,10.0,,,,,
2024020890,417,shot-on-goal,1,REG,15:58,04:02,60.0,-22.0,O,59.0,59,15,1551,right,snap,8482699.0,8480313.0,5.0,10.0,,,,,
2024020890,427,blocked-shot,1,REG,16:40,03:20,-50.0,-14.0,D,15.0,59,15,1551,right,,8479345.0,,,,,,,,
2024020890,436,shot-on-goal,1,REG,17:14,02:46,-42.0,-26.0,O,15.0,59,15,1551,right,slap,8480873.0,8478872.0,5.0,11.0,,,,,
2024020890,437,missed-shot,1,REG,17:21,02:39,-65.0,-6.0,O,15.0,59,15,1551,right,slap,8481656.0,8478872.0,,,,,,,
2024020890,448,giveaway,1,REG,17:23,02:37,-78.0,7.0,D,59.0,59,15,1551,right,,,,,,,,,,
2024020890,440,shot-on-goal,1,REG,17:38,02:22,33.0,13.0,O,59.0,59,15,1551,right,slap,8474013.0,8480313.0,6.0,11.0,,,,,
2024020890,450,takeaway,1,REG,17:46,02:14,28.0,-40.0,D,15.0,59,15,1551,right,,,,,,,,,,
2024020890,63,shot-on-goal,1,REG,18:11,01:49,-83.0,0.0,O,15.0,59,15,1551,right,deflected,8479390.0,8478872.0,6.0,12.0,,,,,
2024020890,464,hit,1,REG,19:14,00:46,-20.0,-38.0,N,15.0,59,15,1551,right,,,,,,,,,,
2024020890,465,hit,1,REG,19:47,00:13,-97.0,18.0,N,15.0,59,15,1551,right,,,,,,,,,,
2024020890,463,giveaway,1,REG,19:50,00:10,-58.0,-41.0,O,59.0,59,15,1551,right,,,,,,,,,,
2024020890,21,period-end,1,REG,20:00,00:00,,,,,59,15,1551,right,,,,,,,,,,
2024020890,65,period-start,2,REG,00:00,20:00,,,,,59,15,1551,left,,,,,,,,,,
2024020890,64,faceoff,2,REG,00:00,20:00,0.0,0.0,N,15.0,59,15,1551,left,,,,,,,,,,
2024020890,479,giveaway,2,REG,00:11,19:49,92.0,8.0,O,15.0,59,15,1551,left,,,,,,,,,,
2024020890,468,missed-shot,2,REG,00:19,19:41,72.0,17.0,O,15.0,59,15,1551,left,slap,8481580.0,8478872.0,,,,,,,
2024020890,469,missed-shot,2,REG,00:21,19:39,73.0,7.0,O,15.0,59,15,1551,left,tip-in,8481580.0,8478872.0,,,,,,,
2024020890,471,shot-on-goal,2,REG,00:23,19:37,87.0,-10.0,O,15.0,59,15,1551,left,backhand,8481656.0,8478872.0,6.0,13.0,,,,,
2024020890,472,shot-on-goal,2,REG,00:38,19:22,-64.0,-16.0,O,59.0,59,15,1551,left,snap,8479343.0,8480313.0,7.0,13.0,,,,,
2024020890,474,blocked-shot,2,REG,00:40,19:20,-78.0,11.0,D,59.0,59,15,1551,left,,8479410.0,,,,,,,,
2024020890,482,shot-on-goal,2,REG,01:02,18:58,-84.0,14.0,O,59.0,59,15,1551,left,wrist,8480855.0,8480313.0,8.0,13.0,,,,,
2024020890,483,shot-on-goal,2,REG,01:14,18:46,-48.0,2.0,O,59.0,59,15,1551,left,wrist,8478474.0,8480313.0,9.0,13.0,,,,,
2024020890,26,stoppage,2,REG,01:16,18:44,,,,,59,15,1551,left,,,,,,,,,,
2024020890,66,faceoff,2,REG,01:16,18:44,-69.0,22.0,O,59.0,59,15,1551,left,,,,,,,,,,
2024020890,490,penalty,2,REG,01:29,18:31,85.0,37.0,O,15.0,59,15,1551,left,,,,,,,,,,
2024020890,67,faceoff,2,REG,01:29,18:31,-69.0,-22.0,O,59.0,59,15,1541,left,,,,,,,,,,
2024020890,494,missed-shot,2,REG,01:56,18:04,-67.0,13.0,O,59.0,59,15,1541,left,wrist,8477951.0,8480313.0,,,,,,,
2024020890,495,blocked-shot,2,REG,02:14,17:46,-81.0,2.0,D,59.0,59,15,1541,left,,8479343.0,,,,,,,,
2024020890,27,stoppage,2,REG,02:18,17:42,,,,,59,15,1541,left,,,,,,,,,,
2024020890,68,faceoff,2,REG,02:18,17:42,-69.0,-22.0,D,15.0,59,15,1541,left,,,,,,,,,,
2024020890,498,shot-on-goal,2,REG,02:19,17:41,-83.0,18.0,D,15.0,59,15,1541,left,wrist,8481656.0,8478872.0,9.0,14.0,,,,,
2024020890,499,goal,2,REG,02:47,17:13,-71.0,-23.0,O,59.0,59,15,1541,left,slap,,8480313.0,,,8482699.0,8479343.0,8479410.0,4.0,2.0
2024020890,69,faceoff,2,REG,02:47,17:13,0.0,0.0,N,15.0,59,15,1551,left,,,,,,,,,,
2024020890,605,missed-shot,2,REG,03:08,16:52,83.0,-1.0,O,15.0,59,15,1551,left,tip-in,8476880.0,8478872.0,,,,,,,
2024020890,608,shot-on-goal,2,REG,03:20,16:40,-76.0,35.0,O,59.0,59,15,1551,left,snap,8482659.0,8480313.0,10.0,14.0,,,,,
2024020890,615,missed-shot,2,REG,03:52,16:08,66.0,27.0,O,15.0,59,15,1551,left,snap,8481656.0,8478872.0,,,,,,,
2024020890,28,stoppage,2,REG,03:55,16:05,,,,,59,15,1551,left,,,,,,,,,,
2024020890,209,faceoff,2,REG,03:55,16:05,69.0,22.0,D,59.0,59,15,1551,left,,,,,,,,,,
2024020890,618,missed-shot,2,REG,04:03,15:57,-54.0,22.0,O,59.0,59,15,1551,left,snap,8478831.0,8480313.0,,,,,,,
2024020890,627,blocked-shot,2,REG,05:12,14:48,80.0,-6.0,D,15.0,59,15,1551,left,,8474590.0,,,,,,,,
2024020890,630,shot-on-goal,2,REG,05:31,14:29,71.0,-1.0,O,15.0,59,15,1551,left,tip-in,8478233.0,8478872.0,10.0,15.0,,,,,
2024020890,29,stoppage,2,REG,05:38,14:22,,,,,59,15,1551,left,,,,,,,,,,
2024020890,210,faceoff,2,REG,05:38,14:22,69.0,-22.0,O,15.0,59,15,1551,left,,,,,,,,,,
2024020890,634,blocked-shot,2,REG,05:41,14:19,47.0,20.0,D,15.0,59,15,1551,left,,8479345.0,,,,,,,,
2024020890,639,giveaway,2,REG,05:59,14:01,-66.0,36.0,D,15.0,59,15,1551,left,,,,,,,,,,
2024020890,638,hit,2,REG,06:11,13:49,-99.0,-16.0,O,59.0,59,15,1551,left,,,,,,,,,,
2024020890,30,stoppage,2,REG,06:19,13:41,,,,,59,15,1551,left,,,,,,,,,,
2024020890,70,faceoff,2,REG,06:19,13:41,-69.0,-22.0,D,15.0,59,15,1551,left,,,,,,,,,,
2024020890,654,hit,2,REG,06:40,13:20,-81.0,36.0,N,15.0,59,15,1551,left,,,,,,,,,,
2024020890,657,hit,2,REG,06:46,13:14,-95.0,-25.0,O,59.0,59,15,1551,left,,,,,,,,,,
2024020890,648,shot-on-goal,2,REG,07:07,12:53,-64.0,19.0,O,59.0,59,15,1551,left,wrist,8478831.0,8480313.0,11.0,15.0,,,,,
2024020890,71,shot-on-goal,2,REG,07:26,12:34,44.0,23.0,O,15.0,59,15,1551,left,slap,8480873.0,8478872.0,11.0,16.0,,,,,
2024020890,31,stoppage,2,REG,07:28,12:32,,,,,59,15,1551,left,,,,,,,,,,
2024020890,211,faceoff,2,REG,07:28,12:32,69.0,22.0,O,15.0,59,15,1551,left,,,,,,,,,,
2024020890,72,blocked-shot,2,REG,07:32,12:28,49.0,34.0,D,15.0,59,15,1551,left,,8477845.0,,,,,,,,
2024020890,660,missed-shot,2,REG,08:04,11:56,-83.0,2.0,O,59.0,59,15,1551,left,tip-in,8475760.0,8480313.0,,,,,,,
2024020890,669,shot-on-goal,2,REG,08:24,11:36,-49.0,-9.0,O,59.0,59,15,1551,left,snap,8477951.0,8480313.0,12.0,16.0,,,,,
2024020890,670,shot-on-goal,2,REG,08:41,11:19,37.0,-19.0,O,15.0,59,15,1551,left,slap,8474590.0,8478872.0,12.0,17.0,,,,,
2024020890,682,giveaway,2,REG,08:46,11:14,28.0,-36.0,O,15.0,59,15,1551,left,,,,,,,,,,
2024020890,680,shot-on-goal,2,REG,09:23,10:37,66.0,32.0,O,15.0,59,15,1551,left,snap,8480796.0,8478872.0,12.0,18.0,,,,,
2024020890,681,blocked-shot,2,REG,09:38,10:22,66.0,2.0,D,15.0,59,15,1551,left,,8478911.0,,,,,,,,
2024020890,32,stoppage,2,REG,11:15,08:45,,,,,59,15,1551,left,,,,,,,,,,
2024020890,73,faceoff,2,REG,11:15,08:45,-69.0,-22.0,O,59.0,59,15,1551,left,,,,,,,,,,
2024020890,756,giveaway,2,REG,11:30,08:30,-66.0,39.0,O,59.0,59,15,1551,left,,,,,,,,,,
2024020890,33,stoppage,2,REG,11:55,08:05,,,,,59,15,1551,left,,,,,,,,,,
2024020890,74,faceoff,2,REG,11:55,08:05,-69.0,-22.0,O,59.0,59,15,1551,left,,,,,,,,,,
2024020890,760,shot-on-goal,2,REG,12:22,07:38,66.0,-2.0,O,15.0,59,15,1551,left,slap,8475343.0,8478872.0,12.0,19.0,,,,,
2024020890,771,hit,2,REG,12:24,07:36,93.0,9.0,N,15.0,59,15,1551,left,,,,,,,,,,
2024020890,34,stoppage,2,REG,13:16,06:44,,,,,59,15,1551,left,,,,,,,,,,
2024020890,75,faceoff,2,REG,13:16,06:44,-69.0,-22.0,D,15.0,59,15,1551,left,,,,,,,,,,
2024020890,777,shot-on-goal,2,REG,13:59,06:01,-83.0,11.0,O,59.0,59,15,1551,left,tip-in,8482699.0,8480313.0,13.0,19.0,,,,,
2024020890,212,shot-on-goal,2,REG,14:02,05:58,-79.0,3.0,O,59.0,59,15,1551,left,backhand,8480849.0,8480313.0,14.0,19.0,,,,,
2024020890,785,missed-shot,2,REG,14:19,05:41,-47.0,-31.0,O,59.0,59,15,1551,left,slap,8479410.0,8480313.0,,,,,,,
2024020890,35,stoppage,2,REG,14:22,05:38,,,,,59,15,1551,left,,,,,,,,,,
2024020890,76,faceoff,2,REG,14:22,05:38,-69.0,-22.0,D,15.0,59,15,1551,left,,,,,,,,,,
2024020890,790,blocked-shot,2,REG,14:52,05:08,75.0,4.0,D,15.0,59,15,1551,left,,8480796.0,,,,,,,,
2024020890,801,takeaway,2,REG,15:31,04:29,-91.0,-5.0,O,59.0,59,15,1551,left,,,,,,,,,,
2024020890,812,hit,2,REG,16:09,03:51,-40.0,-38.0,N,15.0,59,15,1551,left,,,,,,,,,,
2024020890,806,missed-shot,2,REG,16:25,03:35,-63.0,4.0,O,59.0,59,15,1551,left,wrist,8482699.0,8480313.0,,,,,,,
2024020890,810,shot-on-goal,2,REG,16:52,03:08,64.0,-24.0,O,15.0,59,15,1551,left,wrist,8478233.0,8478872.0,14.0,20.0,,,,,
2024020890,36,stoppage,2,REG,16:54,03:06,,,,,59,15,1551,left,,,,,,,,,,
2024020890,213,faceoff,2,REG,16:54,03:06,69.0,-22.0,D,59.0,59,15,1551,left,,,,,,,,,,
2024020890,821,giveaway,2,REG,17:17,02:43,16.0,37.0,N,15.0,59,15,1551,left,,,,,,,,,,
2024020890,825,giveaway,2,REG,17:29,02:31,-90.0,-28.0,D,15.0,59,15,1551,left,,,,,,,,,,
2024020890,817,missed-shot,2,REG,17:29,02:31,-80.0,0.0,O,59.0,59,15,1551,left,tip-in,8482659.0,8480313.0,,,,,,,
2024020890,820,blocked-shot,2,REG,17:45,02:15,-66.0,-2.0,D,59.0,59,15,1551,left,,8479343.0,,,,,,,,
2024020890,37,stoppage,2,REG,17:48,02:12,,,,,59,15,1551,left,,,,,,,,,,
2024020890,77,faceoff,2,REG,17:48,02:12,-69.0,22.0,O,59.0,59,15,1551,left,,,,,,,,,,
2024020890,826,shot-on-goal,2,REG,17:54,02:06,-71.0,35.0,O,59.0,59,15,1551,left,wrist,8478831.0,8480313.0,15.0,20.0,,,,,
2024020890,355,missed-shot,2,REG,17:58,02:02,-90.0,7.0,O,59.0,59,15,1551,left,poke,8477070.0,8480313.0,,,,,,,
2024020890,827,shot-on-goal,2,REG,17:59,02:01,-91.0,4.0,O,59.0,59,15,1551,left,wrist,8477070.0,8480313.0,16.0,20.0,,,,,
2024020890,38,stoppage,2,REG,18:00,02:00,,,,,59,15,1551,left,,,,,,,,,,
2024020890,78,faceoff,2,REG,18:00,02:00,-69.0,22.0,D,15.0,59,15,1551,left,,,,,,,,,,
2024020890,837,hit,2,REG,18:09,01:51,-86.0,-35.0,O,59.0,59,15,1551,left,,,,,,,,,,
2024020890,839,giveaway,2,REG,18:18,01:42,-99.0,-21.0,D,15.0,59,15,1551,left,,,,,,,,,,
2024020890,829,blocked-shot,2,REG,18:25,01:35,-38.0,20.0,D,59.0,59,15,1551,left,,8480891.0,,,,,,,,
2024020890,39,stoppage,2,REG,18:48,01:12,,,,,59,15,1551,left,,,,,,,,,,
2024020890,79,faceoff,2,REG,18:48,01:12,-69.0,-22.0,O,59.0,59,15,1551,left,,,,,,,,,,
2024020890,842,shot-on-goal,2,REG,19:17,00:43,42.0,34.0,O,15.0,59,15,1551,left,slap,8479345.0,8478872.0,16.0,21.0,,,,,
2024020890,850,giveaway,2,REG,19:41,00:19,65.0,-39.0,D,59.0,59,15,1551,left,,,,,,,,,,
2024020890,846,shot-on-goal,2,REG,19:47,00:13,37.0,-20.0,O,15.0,59,15,1551,left,snap,8479345.0,8478872.0,16.0,22.0,,,,,
2024020890,40,stoppage,2,REG,19:49,00:11,,,,,59,15,1551,left,,,,,,,,,,
2024020890,214,faceoff,2,REG,19:49,00:11,69.0,-22.0,O,15.0,59,15,1551,left,,,,,,,,,,
2024020890,41,period-end,2,REG,20:00,00:00,,,,,59,15,1551,left,,,,,,,,,,
2024020890,81,period-start,3,REG,00:00,20:00,,,,,59,15,1551,right,,,,,,,,,,
2024020890,80,faceoff,3,REG,00:00,20:00,0.0,0.0,N,15.0,59,15,1551,right,,,,,,,,,,
2024020890,356,missed-shot,3,REG,00:29,19:31,-94.0,8.0,O,15.0,59,15,1551,right,backhand,8481656.0,8478872.0,,,,,,,
2024020890,856,blocked-shot,3,REG,00:33,19:27,-84.0,-3.0,O,15.0,59,15,1551,right,,8480796.0,,,,,,,,
2024020890,859,shot-on-goal,3,REG,00:48,19:12,-67.0,-5.0,O,15.0,59,15,1551,right,backhand,8479400.0,8478872.0,16.0,23.0,,,,,
2024020890,877,takeaway,3,REG,01:10,18:50,-19.0,34.0,N,15.0,59,15,1551,right,,,,,,,,,,
2024020890,879,giveaway,3,REG,01:15,18:45,-32.0,-41.0,D,59.0,59,15,1551,right,,,,,,,,,,
2024020890,873,missed-shot,3,REG,01:55,18:05,81.0,34.0,O,59.0,59,15,1551,right,snap,8477070.0,8480313.0,,,,,,,
2024020890,876,shot-on-goal,3,REG,01:58,18:02,29.0,-41.0,O,59.0,59,15,1551,right,snap,8480084.0,8480313.0,17.0,23.0,,,,,
2024020890,46,stoppage,3,REG,02:37,17:23,,,,,59,15,1551,right,,,,,,,,,,
2024020890,215,faceoff,3,REG,02:37,17:23,-20.0,-22.0,N,15.0,59,15,1551,right,,,,,,,,,,
2024020890,884,shot-on-goal,3,REG,02:43,17:17,-32.0,31.0,O,15.0,59,15,1551,right,snap,8478911.0,8478872.0,17.0,24.0,,,,,
2024020890,47,stoppage,3,REG,02:46,17:14,,,,,59,15,1551,right,,,,,,,,,,
2024020890,216,faceoff,3,REG,02:46,17:14,-69.0,22.0,O,15.0,59,15,1551,right,,,,,,,,,,
2024020890,48,stoppage,3,REG,03:09,16:51,,,,,59,15,1551,right,,,,,,,,,,
2024020890,217,faceoff,3,REG,03:09,16:51,-20.0,22.0,N,15.0,59,15,1551,right,,,,,,,,,,
2024020890,894,hit,3,REG,03:17,16:43,-96.0,-10.0,N,15.0,59,15,1551,right,,,,,,,,,,
2024020890,891,blocked-shot,3,REG,03:28,16:32,-74.0,15.0,D,15.0,59,15,1551,right,,8474590.0,,,,,,,,
2024020890,903,hit,3,REG,03:39,16:21,-42.0,-38.0,D,59.0,59,15,1551,right,,,,,,,,,,
2024020890,909,hit,3,REG,03:51,16:09,-92.0,-31.0,N,15.0,59,15,1551,right,,,,,,,,,,
2024020890,49,stoppage,3,REG,03:57,16:03,,,,,59,15,1551,right,,,,,,,,,,
2024020890,218,faceoff,3,REG,03:57,16:03,-69.0,-22.0,O,15.0,59,15,1551,right,,,,,,,,,,
2024020890,897,blocked-shot,3,REG,03:58,16:02,-69.0,-14.0,O,15.0,59,15,1551,right,,8471214.0,,,,,,,,
2024020890,913,hit,3,REG,04:30,15:30,95.0,24.0,O,59.0,59,15,1551,right,,,,,,,,,,
2024020890,906,shot-on-goal,3,REG,04:47,15:13,-82.0,2.0,O,15.0,59,15,1551,right,tip-in,8478440.0,8478872.0,17.0,25.0,,,,,
2024020890,907,goal,3,REG,04:49,15:11,-81.0,0.0,O,15.0,59,15,1551,right,wrist,,8478872.0,,,8478440.0,8471214.0,8481580.0,4.0,3.0
2024020890,219,faceoff,3,REG,04:49,15:11,0.0,0.0,N,15.0,59,15,1551,right,,,,,,,,,,
2024020890,50,stoppage,3,REG,04:54,15:06,,,,,59,15,1551,right,,,,,,,,,,
2024020890,83,faceoff,3,REG,04:54,15:06,69.0,22.0,O,59.0,59,15,1551,right,,,,,,,,,,
2024020890,221,blocked-shot,3,REG,04:56,15:04,59.0,13.0,D,59.0,59,15,1551,right,,8479343.0,,,,,,,,
2024020890,501,stoppage,3,REG,04:57,15:03,,,,,59,15,1551,right,,,,,,,,,,
2024020890,84,faceoff,3,REG,04:57,15:03,69.0,22.0,O,59.0,59,15,1551,right,,,,,,,,,,
2024020890,916,missed-shot,3,REG,05:29,14:31,74.0,-10.0,O,59.0,59,15,1551,right,wrist,8480891.0,8480313.0,,,,,,,
2024020890,929,giveaway,3,REG,05:51,14:09,-56.0,-37.0,D,59.0,59,15,1551,right,,,,,,,,,,
2024020890,926,shot-on-goal,3,REG,05:56,14:04,-29.0,-16.0,O,15.0,59,15,1551,right,snap,8480873.0,8478872.0,17.0,26.0,,,,,
2024020890,927,missed-shot,3,REG,06:04,13:56,-28.0,-37.0,O,15.0,59,15,1551,right,slap,8480873.0,8478872.0,,,,,,,
2024020890,936,shot-on-goal,3,REG,06:57,13:03,58.0,22.0,O,59.0,59,15,1551,right,slap,8482699.0,8480313.0,18.0,26.0,,,,,
2024020890,502,stoppage,3,REG,07:15,12:45,,,,,59,15,1551,right,,,,,,,,,,
2024020890,222,faceoff,3,REG,07:15,12:45,-69.0,22.0,O,15.0,59,15,1551,right,,,,,,,,,,
2024020890,942,shot-on-goal,3,REG,07:25,12:35,59.0,14.0,O,59.0,59,15,1551,right,snap,8480891.0,8480313.0,19.0,26.0,,,,,
2024020890,223,blocked-shot,3,REG,07:28,12:32,73.0,-1.0,D,59.0,59,15,1551,right,,8479619.0,,,,,,,,
2024020890,943,shot-on-goal,3,REG,07:34,12:26,49.0,-18.0,O,59.0,59,15,1551,right,slap,8478831.0,8480313.0,20.0,26.0,,,,,
2024020890,503,stoppage,3,REG,07:36,12:24,,,,,59,15,1551,right,,,,,,,,,,
2024020890,504,stoppage,3,REG,07:36,12:24,,,,,59,15,1551,right,,,,,,,,,,
2024020890,85,faceoff,3,REG,07:36,12:24,69.0,-22.0,O,59.0,59,15,1551,right,,,,,,,,,,
2024020890,949,missed-shot,3,REG,07:45,12:15,88.0,7.0,O,59.0,59,15,1551,right,backhand,8477070.0,8480313.0,,,,,,,
2024020890,1009,blocked-shot,3,REG,08:59,11:01,-42.0,28.0,D,15.0,59,15,1551,right,,8478911.0,,,,,,,,
2024020890,1013,giveaway,3,REG,09:07,10:53,-51.0,-32.0,O,15.0,59,15,1551,right,,,,,,,,,,
2024020890,1010,shot-on-goal,3,REG,09:17,10:43,45.0,9.0,O,59.0,59,15,1551,right,wrist,8479343.0,8480313.0,21.0,26.0,,,,,
2024020890,505,stoppage,3,REG,09:19,10:41,,,,,59,15,1551,right,,,,,,,,,,
2024020890,86,faceoff,3,REG,09:19,10:41,69.0,22.0,D,15.0,59,15,1551,right,,,,,,,,,,
2024020890,1021,hit,3,REG,09:30,10:30,36.0,37.0,O,59.0,59,15,1551,right,,,,,,,,,,
2024020890,357,missed-shot,3,REG,09:49,10:11,70.0,-39.0,O,59.0,59,15,1551,right,snap,8482659.0,8480313.0,,,,,,,
2024020890,506,stoppage,3,REG,09:51,10:09,,,,,59,15,1551,right,,,,,,,,,,
2024020890,87,faceoff,3,REG,09:51,10:09,69.0,-22.0,D,15.0,59,15,1551,right,,,,,,,,,,
2024020890,1044,hit,3,REG,10:46,09:14,-22.0,-38.0,N,59.0,59,15,1551,right,,,,,,,,,,
2024020890,1031,shot-on-goal,3,REG,10:59,09:01,58.0,19.0,O,59.0,59,15,1551,right,snap,8477070.0,8480313.0,22.0,26.0,,,,,
2024020890,1032,missed-shot,3,REG,11:06,08:54,88.0,13.0,O,59.0,59,15,1551,right,snap,8477070.0,8480313.0,,,,,,,
2024020890,1033,blocked-shot,3,REG,11:10,08:50,67.0,-1.0,D,59.0,59,15,1551,right,,8477070.0,,,,,,,,
2024020890,1045,blocked-shot,3,REG,11:47,08:13,-59.0,-5.0,D,15.0,59,15,1551,right,,8480796.0,,,,,,,,
2024020890,1046,shot-on-goal,3,REG,11:49,08:11,-88.0,-11.0,O,15.0,59,15,1551,right,backhand,8481656.0,8478872.0,22.0,27.0,,,,,
2024020890,507,stoppage,3,REG,11:53,08:07,,,,,59,15,1551,right,,,,,,,,,,
2024020890,225,faceoff,3,REG,11:53,08:07,-69.0,-22.0,O,15.0,59,15,1551,right,,,,,,,,,,
2024020890,1051,shot-on-goal,3,REG,12:19,07:41,-81.0,2.0,O,15.0,59,15,1551,right,slap,8479400.0,8478872.0,22.0,28.0,,,,,
2024020890,508,stoppage,3,REG,13:25,06:35,,,,,59,15,1551,right,,,,,,,,,,
2024020890,226,faceoff,3,REG,13:25,06:35,-20.0,22.0,N,15.0,59,15,1551,right,,,,,,,,,,
2024020890,1069,shot-on-goal,3,REG,13:39,06:21,-31.0,-38.0,O,15.0,59,15,1551,right,snap,8480796.0,8478872.0,22.0,29.0,,,,,
2024020890,1070,blocked-shot,3,REG,13:44,06:16,-82.0,-16.0,D,15.0,59,15,1551,right,,8478233.0,,,,,,,,
2024020890,1072,blocked-shot,3,REG,14:06,05:54,58.0,16.0,D,59.0,59,15,1551,right,,8474013.0,,,,,,,,
2024020890,1082,shot-on-goal,3,REG,14:47,05:13,-51.0,26.0,O,15.0,59,15,1551,right,slap,8474590.0,8478872.0,22.0,30.0,,,,,
2024020890,509,stoppage,3,REG,14:49,05:11,,,,,59,15,1551,right,,,,,,,,,,
2024020890,227,faceoff,3,REG,14:49,05:11,-69.0,22.0,O,15.0,59,15,1551,right,,,,,,,,,,
2024020890,1086,shot-on-goal,3,REG,14:50,05:10,-44.0,28.0,O,15.0,59,15,1551,right,snap,8474590.0,8478872.0,22.0,31.0,,,,,
2024020890,510,stoppage,3,REG,14:59,05:01,,,,,59,15,1551,right,,,,,,,,,,
2024020890,228,faceoff,3,REG,14:59,05:01,-20.0,22.0,N,59.0,59,15,1551,right,,,,,,,,,,
2024020890,1088,shot-on-goal,3,REG,15:53,04:07,-29.0,15.0,O,15.0,59,15,1551,right,slap,8474590.0,8478872.0,22.0,32.0,,,,,
2024020890,511,stoppage,3,REG,15:55,04:05,,,,,59,15,1551,right,,,,,,,,,,
2024020890,229,faceoff,3,REG,15:55,04:05,-69.0,22.0,O,15.0,59,15,1551,right,,,,,,,,,,
2024020890,1098,hit,3,REG,16:00,04:00,-95.0,24.0,N,15.0,59,15,1551,right,,,,,,,,,,
2024020890,1099,giveaway,3,REG,16:01,03:59,-98.0,21.0,D,59.0,59,15,1551,right,,,,,,,,,,
2024020890,1110,hit,3,REG,16:33,03:27,-48.0,-38.0,N,15.0,59,15,1551,right,,,,,,,,,,
2024020890,1109,shot-on-goal,3,REG,17:25,02:35,-59.0,-36.0,O,15.0,59,15,1551,right,snap,8480873.0,8478872.0,22.0,33.0,,,,,
2024020890,1111,shot-on-goal,3,REG,17:32,02:28,-62.0,24.0,O,15.0,59,15,1551,right,wrist,8481656.0,8478872.0,22.0,34.0,,,,,
2024020890,512,stoppage,3,REG,17:46,02:14,,,,,59,15,1551,right,,,,,,,,,,
2024020890,88,faceoff,3,REG,17:46,02:14,69.0,-22.0,D,15.0,59,15,1551,right,,,,,,,,,,
2024020890,1123,giveaway,3,REG,18:10,01:50,10.0,-33.0,N,59.0,59,15,1560,right,,,,,,,,,,
2024020890,1121,shot-on-goal,3,REG,18:21,01:39,-12.0,-6.0,N,15.0,59,15,1560,right,tip-in,8476880.0,8478872.0,22.0,35.0,,,,,
2024020890,513,stoppage,3,REG,18:24,01:36,,,,,59,15,1560,right,,,,,,,,,,
2024020890,230,faceoff,3,REG,18:24,01:36,-69.0,-22.0,O,15.0,59,15,1560,right,,,,,,,,,,
2024020890,1124,goal,3,REG,18:29,01:31,-82.0,1.0,O,15.0,59,15,1560,right,deflected,,8478872.0,,,8476880.0,8471214.0,8474590.0,4.0,4.0
2024020890,231,faceoff,3,REG,18:29,01:31,0.0,0.0,N,15.0,59,15,1551,right,,,,,,,,,,
2024020890,1139,hit,3,REG,18:38,01:22,-74.0,-40.0,D,59.0,59,15,1551,right,,,,,,,,,,
2024020890,1128,shot-on-goal,3,REG,18:48,01:12,43.0,-39.0,O,59.0,59,15,1551,right,snap,8482699.0,8480313.0,23.0,35.0,,,,,
2024020890,1141,giveaway,3,REG,18:55,01:05,96.0,-8.0,O,59.0,59,15,1551,right,,,,,,,,,,
2024020890,1143,giveaway,3,REG,18:56,01:04,75.0,-2.0,D,15.0,59,15,1551,right,,,,,,,,,,
2024020890,1129,blocked-shot,3,REG,18:57,01:03,83.0,2.0,O,59.0,59,15,1551,right,,8482699.0,,,,,,,,
2024020890,1145,hit,3,REG,19:02,00:58,5.0,-39.0,N,59.0,59,15,1551,right,,,,,,,,,,
2024020890,514,stoppage,3,REG,19:46,00:14,,,,,59,15,1551,right,,,,,,,,,,
2024020890,89,faceoff,3,REG,19:46,00:14,69.0,-22.0,D,15.0,59,15,1551,right,,,,,,,,,,
2024020890,1148,giveaway,3,REG,19:50,00:10,91.0,-31.0,O,15.0,59,15,1551,right,,,,,,,,,,
2024020890,1146,blocked-shot,3,REG,19:55,00:05,66.0,-10.0,D,59.0,59,15,1551,right,,8478507.0,,,,,,,,
2024020890,515,period-end,3,REG,20:00,00:00,,,,,59,15,1551,right,,,,,,,,,,
2024020890,91,period-start,4,OT,00:00,05:00,,,,,59,15,1331,left,,,,,,,,,,
2024020890,90,faceoff,4,OT,00:00,05:00,0.0,0.0,N,59.0,59,15,1331,left,,,,,,,,,,
2024020890,1159,giveaway,4,OT,00:56,04:04,-39.0,-31.0,O,59.0,59,15,1331,left,,,,,,,,,,
2024020890,1157,shot-on-goal,4,OT,01:15,03:45,51.0,-13.0,O,15.0,59,15,1331,left,snap,8476880.0,8478872.0,23.0,36.0,,,,,
2024020890,520,stoppage,4,OT,02:09,02:51,,,,,59,15,1331,left,,,,,,,,,,
2024020890,93,faceoff,4,OT,02:09,02:51,-69.0,22.0,O,59.0,59,15,1331,left,,,,,,,,,,
2024020890,1169,missed-shot,4,OT,02:22,02:38,-66.0,13.0,O,59.0,59,15,1331,left,snap,8482699.0,8480313.0,,,,,,,
2024020890,521,stoppage,4,OT,02:41,02:19,,,,,59,15,1331,left,,,,,,,,,,
2024020890,232,faceoff,4,OT,02:41,02:19,69.0,-22.0,O,15.0,59,15,1331,left,,,,,,,,,,
2024020890,1172,shot-on-goal,4,OT,03:12,01:48,75.0,-9.0,O,15.0,59,15,1331,left,wrist,8479345.0,8478872.0,23.0,37.0,,,,,
2024020890,1180,missed-shot,4,OT,04:28,00:32,-83.0,2.0,O,59.0,59,15,1331,left,tip-in,8479343.0,8480313.0,,,,,,,
2024020890,358,blocked-shot,4,OT,04:46,00:14,66.0,10.0,D,15.0,59,15,1331,left,,8478440.0,,,,,,,,
2024020890,1183,shot-on-goal,4,OT,04:50,00:10,71.0,-9.0,O,15.0,59,15,1331,left,snap,8479345.0,8478872.0,23.0,38.0,,,,,
2024020890,522,period-end,4,OT,05:00,00:00,,,,,59,15,1331,left,,,,,,,,,,
2024020890,527,period-start,5,SO,00:00,00:00,,,,,59,15,1010,right,,,,,,,,,,
2024020890,94,shot-on-goal,5,SO,00:00,00:00,-74.0,3.0,O,15.0,59,15,1010,right,snap,8479400.0,8478872.0,23.0,39.0,,,,,
2024020890,233,goal,5,SO,00:00,00:00,79.0,0.0,O,59.0,59,15,0101,right,wrist,,8480313.0,,,8477951.0,,,4.0,4.0
2024020890,95,shot-on-goal,5,SO,00:00,00:00,-76.0,-4.0,O,15.0,59,15,1010,right,snap,8481656.0,8478872.0,23.0,40.0,,,,,
2024020890,234,missed-shot,5,SO,00:00,00:00,73.0,0.0,O,59.0,59,15,0101,right,snap,8479343.0,8480313.0,,,,,,,
2024020890,96,shot-on-goal,5,SO,00:00,00:00,-78.0,0.0,O,15.0,59,15,1010,right,snap,8478440.0,8478872.0,23.0,41.0,,,,,
2024020890,532,shootout-complete,5,SO,00:00,00:00,,,,,59,15,1010,right,,,,,,,,,,
2024020890,528,period-end,5,SO,00:00,00:00,,,,,59,15,1010,right,,,,,,,,,,
2024020890,533,game-end,5,SO,00:00,00:00,,,,,59,15,1010,right,,,,,,,,,,
2024020891,52,period-start,1,REG,00:00,20:00,,,,,14,8,1551,right,,,,,,,,,,
2024020891,51,faceoff,1,REG,00:00,20:00,0.0,0.0,N,14.0,14,8,1551,right,,,,,,,,,,
2024020891,8,stoppage,1,REG,00:14,19:46,,,,,14,8,1551,right,,,,,,,,,,
2024020891,53,faceoff,1,REG,00:14,19:46,-20.0,-22.0,N,14.0,14,8,1551,right,,,,,,,,,,
2024020891,116,hit,1,REG,00:25,19:35,86.0,36.0,N,8.0,14,8,1551,right,,,,,,,,,,
2024020891,106,missed-shot,1,REG,00:36,19:24,-73.0,-21.0,O,8.0,14,8,1551,right,snap,8478851.0,8476883.0,,,,,,,
2024020891,128,giveaway,1,REG,00:40,19:20,-62.0,39.0,O,8.0,14,8,1551,right,,,,,,,,,,
2024020891,9,stoppage,1,REG,01:13,18:47,,,,,14,8,1551,right,,,,,,,,,,
2024020891,54,faceoff,1,REG,01:13,18:47,-20.0,22.0,N,8.0,14,8,1551,right,,,,,,,,,,
2024020891,118,blocked-shot,1,REG,01:27,18:33,-70.0,-3.0,D,8.0,14,8,1551,right,,8480018.0,,,,,,,,
2024020891,10,stoppage,1,REG,01:54,18:06,,,,,14,8,1551,right,,,,,,,,,,
2024020891,55,faceoff,1,REG,01:54,18:06,-69.0,22.0,O,8.0,14,8,1551,right,,,,,,,,,,
2024020891,201,shot-on-goal,1,REG,01:55,18:05,-60.0,31.0,O,8.0,14,8,1551,right,snap,8477989.0,8476883.0,0.0,1.0,,,,,
2024020891,122,blocked-shot,1,REG,01:57,18:03,-73.0,-34.0,D,8.0,14,8,1551,right,,8476875.0,,,,,,,,
2024020891,123,blocked-shot,1,REG,02:02,17:58,-82.0,5.0,D,8.0,14,8,1551,right,,8478851.0,,,,,,,,
2024020891,124,shot-on-goal,1,REG,02:19,17:41,-74.0,-27.0,O,8.0,14,8,1551,right,snap,8476875.0,8476883.0,0.0,2.0,,,,,
2024020891,11,stoppage,1,REG,02:21,17:39,,,,,14,8,1551,right,,,,,,,,,,
2024020891,57,faceoff,1,REG,02:21,17:39,-69.0,-22.0,O,8.0,14,8,1551,right,,,,,,,,,,
2024020891,140,hit,1,REG,02:34,17:26,98.0,17.0,N,8.0,14,8,1551,right,,,,,,,,,,
2024020891,148,hit,1,REG,02:40,17:20,99.0,-1.0,N,8.0,14,8,1551,right,,,,,,,,,,
2024020891,171,takeaway,1,REG,02:57,17:03,28.0,-37.0,D,8.0,14,8,1551,right,,,,,,,,,,
2024020891,133,penalty,1,REG,03:08,16:52,-33.0,-39.0,D,14.0,14,8,1551,right,,,,,,,,,,
2024020891,137,penalty,1,REG,03:08,16:52,-32.0,-39.0,O,8.0,14,8,1551,right,,,,,,,,,,
2024020891,58,faceoff,1,REG,03:08,16:52,-20.0,-22.0,N,14.0,14,8,1441,right,,,,,,,,,,
2024020891,142,blocked-shot,1,REG,03:46,16:14,-83.0,-5.0,D,8.0,14,8,1441,right,,8476981.0,,,,,,,,
2024020891,149,blocked-shot,1,REG,04:04,15:56,-60.0,9.0,D,8.0,14,8,1441,right,,8480018.0,,,,,,,,
2024020891,256,hit,1,REG,05:27,14:33,-48.0,-42.0,N,14.0,14,8,1551,right,,,,,,,,,,
2024020891,12,stoppage,1,REG,05:53,14:07,,,,,14,8,1551,right,,,,,,,,,,
2024020891,59,faceoff,1,REG,05:53,14:07,-69.0,22.0,D,14.0,14,8,1551,right,,,,,,,,,,
2024020891,272,hit,1,REG,06:03,13:57,-99.0,-2.0,N,8.0,14,8,1551,right,,,,,,,,,,
2024020891,276,hit,1,REG,06:22,13:38,-96.0,-27.0,N,8.0,14,8,1551,right,,,,,,,,,,
2024020891,183,goal,1,REG,06:56,13:04,83.0,-5.0,O,14.0,14,8,1551,right,backhand,,8482487.0,,,8477426.0,8479542.0,,1.0,0.0
2024020891,60,faceoff,1,REG,06:56,13:04,0.0,0.0,N,14.0,14,8,1551,right,,,,,,,,,,
2024020891,193,blocked-shot,1,REG,07:38,12:22,78.0,-2.0,D,14.0,14,8,1551,right,,8478178.0,,,,,,,,
2024020891,13,stoppage,1,REG,07:51,12:09,,,,,14,8,1551,right,,,,,,,,,,
2024020891,61,faceoff,1,REG,07:51,12:09,69.0,-22.0,D,8.0,14,8,1551,right,,,,,,,,,,
2024020891,331,hit,1,REG,08:14,11:46,-71.0,40.0,N,8.0,14,8,1551,right,,,,,,,,,,
2024020891,332,hit,1,REG,08:19,11:41,87.0,34.0,N,14.0,14,8,1551,right,,,,,,,,,,
2024020891,259,blocked-shot,1,REG,09:21,10:39,77.0,7.0,D,14.0,14,8,1551,right,,8479591.0,,,,,,,,
2024020891,350,hit,1,REG,09:32,10:28,54.0,-40.0,N,14.0,14,8,1551,right,,,,,,,,,,
2024020891,362,hit,1,REG,10:00,10:00,-99.0,-9.0,N,8.0,14,8,1551,right,,,,,,,,,,
2024020891,268,shot-on-goal,1,REG,10:02,09:58,-84.0,3.0,O,8.0,14,8,1551,right,backhand,8475848.0,8476883.0,0.0,3.0,,,,,
2024020891,269,blocked-shot,1,REG,10:19,09:41,-76.0,8.0,D,8.0,14,8,1551,right,,8483515.0,,,,,,,,
2024020891,270,goal,1,REG,10:28,09:32,69.0,3.0,O,14.0,14,8,1551,right,snap,,8482487.0,,,8475167.0,8482201.0,8478519.0,2.0,0.0
2024020891,62,faceoff,1,REG,10:28,09:32,0.0,0.0,N,14.0,14,8,1551,right,,,,,,,,,,
2024020891,384,hit,1,REG,10:44,09:16,88.0,-36.0,N,8.0,14,8,1551,right,,,,,,,,,,
2024020891,325,giveaway,1,REG,11:08,08:52,7.0,28.0,N,8.0,14,8,1551,right,,,,,,,,,,
2024020891,329,giveaway,1,REG,11:11,08:49,4.0,-6.0,N,14.0,14,8,1551,right,,,,,,,,,,
2024020891,283,missed-shot,1,REG,11:25,08:35,-33.0,22.0,O,8.0,14,8,1551,right,snap,8478851.0,8476883.0,,,,,,,
2024020891,63,blocked-shot,1,REG,11:29,08:31,-71.0,-2.0,D,8.0,14,8,1551,right,,8481618.0,,,,,,,,
2024020891,392,hit,1,REG,11:43,08:17,-96.0,-27.0,N,8.0,14,8,1551,right,,,,,,,,,,
2024020891,287,shot-on-goal,1,REG,11:58,08:02,-64.0,14.0,O,8.0,14,8,1551,right,wrist,8480018.0,8476883.0,0.0,4.0,,,,,
2024020891,289,blocked-shot,1,REG,12:00,08:00,-86.0,-4.0,D,8.0,14,8,1551,right,,8481540.0,,,,,,,,
2024020891,394,hit,1,REG,12:03,07:57,-71.0,-9.0,N,8.0,14,8,1551,right,,,,,,,,,,
2024020891,291,shot-on-goal,1,REG,12:13,07:47,-83.0,-6.0,O,8.0,14,8,1551,right,snap,8476875.0,8476883.0,0.0,5.0,,,,,
2024020891,202,shot-on-goal,1,REG,12:14,07:46,-84.0,0.0,O,8.0,14,8,1551,right,backhand,8481540.0,8476883.0,0.0,6.0,,,,,
2024020891,203,shot-on-goal,1,REG,12:15,07:45,-83.0,2.0,O,8.0,14,8,1551,right,snap,8481540.0,8476883.0,0.0,7.0,,,,,
2024020891,14,stoppage,1,REG,12:16,07:44,,,,,14,8,1551,right,,,,,,,,,,
2024020891,64,faceoff,1,REG,12:16,07:44,-69.0,22.0,O,8.0,14,8,1551,right,,,,,,,,,,
2024020891,296,shot-on-goal,1,REG,12:19,07:41,-45.0,11.0,O,8.0,14,8,1551,right,wrist,8481593.0,8476883.0,0.0,8.0,,,,,
2024020891,15,stoppage,1,REG,12:57,07:03,,,,,14,8,1551,right,,,,,,,,,,
2024020891,65,faceoff,1,REG,12:57,07:03,-69.0,-22.0,D,14.0,14,8,1551,right,,,,,,,,,,
2024020891,340,giveaway,1,REG,13:02,06:58,-62.0,39.0,O,8.0,14,8,1551,right,,,,,,,,,,
2024020891,66,missed-shot,1,REG,13:15,06:45,-78.0,6.0,O,8.0,14,8,1551,right,snap,8477989.0,8476883.0,,,,,,,
2024020891,302,blocked-shot,1,REG,13:16,06:44,-81.0,5.0,D,8.0,14,8,1551,right,,8475848.0,,,,,,,,
2024020891,303,blocked-shot,1,REG,13:24,06:36,-79.0,-6.0,D,8.0,14,8,1551,right,,8476875.0,,,,,,,,
2024020891,304,shot-on-goal,1,REG,13:36,06:24,-28.0,-38.0,O,8.0,14,8,1551,right,slap,8476875.0,8476883.0,0.0,9.0,,,,,
2024020891,398,hit,1,REG,13:39,06:21,-84.0,-37.0,N,8.0,14,8,1551,right,,,,,,,,,,
2024020891,305,blocked-shot,1,REG,13:43,06:17,-63.0,-14.0,D,8.0,14,8,1551,right,,8483515.0,,,,,,,,
2024020891,399,hit,1,REG,13:47,06:13,-84.0,-37.0,N,14.0,14,8,1551,right,,,,,,,,,,
2024020891,344,giveaway,1,REG,13:51,06:09,-70.0,40.0,O,8.0,14,8,1551,right,,,,,,,,,,
2024020891,16,stoppage,1,REG,13:57,06:03,,,,,14,8,1551,right,,,,,,,,,,
2024020891,67,faceoff,1,REG,13:57,06:03,-69.0,22.0,D,14.0,14,8,1551,right,,,,,,,,,,
2024020891,352,giveaway,1,REG,14:09,05:51,39.0,-9.0,O,14.0,14,8,1551,right,,,,,,,,,,
2024020891,314,missed-shot,1,REG,14:43,05:17,-80.0,-38.0,O,8.0,14,8,1551,right,backhand,8481540.0,8476883.0,,,,,,,
2024020891,316,blocked-shot,1,REG,14:48,05:12,-74.0,-5.0,D,8.0,14,8,1551,right,,8482964.0,,,,,,,,
2024020891,360,takeaway,1,REG,14:52,05:08,-94.0,28.0,D,14.0,14,8,1551,right,,,,,,,,,,
2024020891,361,giveaway,1,REG,15:07,04:53,38.0,-31.0,D,8.0,14,8,1551,right,,,,,,,,,,
2024020891,601,hit,1,REG,15:30,04:30,-66.0,41.0,N,8.0,14,8,1551,right,,,,,,,,,,
2024020891,17,stoppage,1,REG,15:36,04:24,,,,,14,8,1551,right,,,,,,,,,,
2024020891,18,stoppage,1,REG,15:36,04:24,,,,,14,8,1551,right,,,,,,,,,,
2024020891,68,faceoff,1,REG,15:36,04:24,20.0,22.0,N,8.0,14,8,1551,right,,,,,,,,,,
2024020891,19,stoppage,1,REG,15:57,04:03,,,,,14,8,1551,right,,,,,,,,,,
2024020891,69,faceoff,1,REG,15:57,04:03,-69.0,22.0,O,8.0,14,8,1551,right,,,,,,,,,,
2024020891,70,blocked-shot,1,REG,15:59,04:01,-74.0,0.0,D,8.0,14,8,1551,right,,8481618.0,,,,,,,,
2024020891,338,missed-shot,1,REG,16:13,03:47,-81.0,-2.0,O,8.0,14,8,1551,right,wrist,8476981.0,8476883.0,,,,,,,
2024020891,204,shot-on-goal,1,REG,16:17,03:43,-70.0,-11.0,O,8.0,14,8,1551,right,snap,8476981.0,8476883.0,0.0,10.0,,,,,
2024020891,205,shot-on-goal,1,REG,16:18,03:42,-81.0,0.0,O,8.0,14,8,1551,right,snap,8476981.0,8476883.0,0.0,11.0,,,,,
2024020891,20,penalty,1,REG,16:19,03:41,-83.0,0.0,D,14.0,14,8,1551,right,,,,,,,,,,
2024020891,71,missed-shot,1,REG,16:19,03:41,-75.0,0.0,O,8.0,14,8,1010,right,wrist,8476981.0,8476883.0,,,,,,,
2024020891,72,faceoff,1,REG,16:19,03:41,-69.0,-22.0,D,14.0,14,8,1551,right,,,,,,,,,,
2024020891,602,hit,1,REG,16:30,03:30,92.0,-29.0,N,14.0,14,8,1551,right,,,,,,,,,,
2024020891,393,takeaway,1,REG,16:43,03:17,99.0,12.0,D,14.0,14,8,1551,right,,,,,,,,,,
2024020891,24,stoppage,1,REG,16:53,03:07,,,,,14,8,1551,right,,,,,,,,,,
2024020891,73,faceoff,1,REG,16:53,03:07,-69.0,-22.0,O,8.0,14,8,1551,right,,,,,,,,,,
2024020891,349,shot-on-goal,1,REG,16:56,03:04,-37.0,-38.0,O,8.0,14,8,1551,right,snap,8482964.0,8476883.0,0.0,12.0,,,,,
2024020891,25,stoppage,1,REG,16:58,03:02,,,,,14,8,1551,right,,,,,,,,,,
2024020891,74,faceoff,1,REG,16:58,03:02,-69.0,-22.0,O,8.0,14,8,1551,right,,,,,,,,,,
2024020891,353,missed-shot,1,REG,17:00,03:00,-33.0,-4.0,O,8.0,14,8,1551,right,slap,8482964.0,8476883.0,,,,,,,
2024020891,26,delayed-penalty,1,REG,17:01,02:59,,,,14.0,14,8,1551,right,,,,,,,,,,
2024020891,356,penalty,1,REG,17:04,02:56,-60.0,-35.0,D,14.0,14,8,1551,right,,,,,,,,,,
2024020891,76,faceoff,1,REG,17:04,02:56,-69.0,22.0,D,14.0,14,8,1451,right,,,,,,,,,,
2024020891,363,shot-on-goal,1,REG,17:30,02:30,-49.0,-42.0,D,14.0,14,8,1451,right,snap,8478416.0,8482487.0,1.0,12.0,,,,,
2024020891,395,takeaway,1,REG,18:28,01:32,-87.0,36.0,O,14.0,14,8,1451,right,,,,,,,,,,
2024020891,396,giveaway,1,REG,18:30,01:30,-78.0,37.0,O,14.0,14,8,1451,right,,,,,,,,,,
2024020891,605,hit,1,REG,18:52,01:08,-54.0,1.0,N,14.0,14,8,1451,right,,,,,,,,,,
2024020891,373,goal,1,REG,18:53,01:07,-58.0,-14.0,O,8.0,14,8,1451,right,snap,,8476883.0,,,8475848.0,8481618.0,8476875.0,2.0,1.0
2024020891,77,faceoff,1,REG,18:53,01:07,0.0,0.0,N,8.0,14,8,1551,right,,,,,,,,,,
2024020891,397,takeaway,1,REG,19:11,00:49,91.0,7.0,O,8.0,14,8,1551,right,,,,,,,,,,
2024020891,27,delayed-penalty,1,REG,19:21,00:39,,,,8.0,14,8,1551,right,,,,,,,,,,
2024020891,380,penalty,1,REG,19:22,00:38,18.0,-24.0,N,8.0,14,8,1551,right,,,,,,,,,,
2024020891,78,faceoff,1,REG,19:22,00:38,69.0,22.0,D,8.0,14,8,1541,right,,,,,,,,,,
2024020891,385,shot-on-goal,1,REG,19:52,00:08,33.0,-18.0,O,14.0,14,8,1541,right,slap,8475167.0,8482487.0,2.0,12.0,,,,,
2024020891,386,shot-on-goal,1,REG,19:54,00:06,83.0,-2.0,O,14.0,14,8,1541,right,backhand,8478010.0,8482487.0,3.0,12.0,,,,,
2024020891,28,stoppage,1,REG,19:56,00:04,,,,,14,8,1541,right,,,,,,,,,,
2024020891,79,faceoff,1,REG,19:56,00:04,69.0,-22.0,O,14.0,14,8,1541,right,,,,,,,,,,
2024020891,390,shot-on-goal,1,REG,19:59,00:01,32.0,20.0,O,14.0,14,8,1541,right,wrist,8478178.0,8482487.0,4.0,12.0,,,,,
2024020891,29,period-end,1,REG,20:00,00:00,,,,,14,8,1541,right,,,,,,,,,,
2024020891,81,period-start,2,REG,00:00,20:00,,,,,14,8,1541,left,,,,,,,,,,
2024020891,80,faceoff,2,REG,00:00,20:00,0.0,0.0,N,8.0,14,8,1541,left,,,,,,,,,,
2024020891,34,stoppage,2,REG,00:06,19:54,,,,,14,8,1541,left,,,,,,,,,,
2024020891,83,faceoff,2,REG,00:06,19:54,-69.0,22.0,O,14.0,14,8,1541,left,,,,,,,,,,
2024020891,609,shot-on-goal,2,REG,00:18,19:42,-85.0,0.0,O,14.0,14,8,1541,left,tip-in,8479542.0,8482487.0,5.0,12.0,,,,,
2024020891,610,blocked-shot,2,REG,00:27,19:33,-80.0,-1.0,D,14.0,14,8,1541,left,,8475167.0,,,,,,,,
2024020891,612,missed-shot,2,REG,00:56,19:04,-48.0,-9.0,O,14.0,14,8,1541,left,snap,8475167.0,8482487.0,,,,,,,
2024020891,614,goal,2,REG,01:05,18:55,-77.0,-14.0,O,14.0,14,8,1541,left,snap,,8482487.0,,,8478010.0,8477404.0,8475167.0,3.0,1.0
2024020891,85,faceoff,2,REG,01:05,18:55,0.0,0.0,N,14.0,14,8,1551,left,,,,,,,,,,
2024020891,620,shot-on-goal,2,REG,01:17,18:43,-73.0,-6.0,O,14.0,14,8,1551,left,snap,8482201.0,8478470.0,6.0,12.0,,,,,
2024020891,86,missed-shot,2,REG,01:18,18:42,-81.0,0.0,O,14.0,14,8,1551,left,snap,8477426.0,8478470.0,,,,,,,
2024020891,35,stoppage,2,REG,01:20,18:40,,,,,14,8,1551,left,,,,,,,,,,
2024020891,87,faceoff,2,REG,01:20,18:40,-69.0,-22.0,D,8.0,14,8,1551,left,,,,,,,,,,
2024020891,670,giveaway,2,REG,01:24,18:36,-98.0,8.0,D,8.0,14,8,1551,left,,,,,,,,,,
2024020891,671,giveaway,2,REG,01:25,18:35,-34.0,42.0,O,14.0,14,8,1551,left,,,,,,,,,,
2024020891,36,stoppage,2,REG,01:30,18:30,,,,,14,8,1551,left,,,,,,,,,,
2024020891,88,faceoff,2,REG,01:30,18:30,-69.0,-22.0,D,8.0,14,8,1551,left,,,,,,,,,,
2024020891,666,hit,2,REG,01:41,18:19,-99.0,15.0,N,8.0,14,8,1551,left,,,,,,,,,,
2024020891,37,stoppage,2,REG,01:58,18:02,,,,,14,8,1551,left,,,,,,,,,,
2024020891,89,faceoff,2,REG,01:58,18:02,20.0,-22.0,N,14.0,14,8,1551,left,,,,,,,,,,
2024020891,38,stoppage,2,REG,02:05,17:55,,,,,14,8,1551,left,,,,,,,,,,
2024020891,90,faceoff,2,REG,02:05,17:55,69.0,22.0,D,14.0,14,8,1551,left,,,,,,,,,,
2024020891,679,hit,2,REG,02:23,17:37,-91.0,-33.0,N,14.0,14,8,1551,left,,,,,,,,,,
2024020891,688,giveaway,2,REG,02:26,17:34,-48.0,-31.0,D,8.0,14,8,1551,left,,,,,,,,,,
2024020891,627,shot-on-goal,2,REG,02:28,17:32,-54.0,-9.0,O,14.0,14,8,1551,left,snap,8482070.0,8478470.0,7.0,12.0,,,,,
2024020891,39,stoppage,2,REG,02:29,17:31,,,,,14,8,1551,left,,,,,,,,,,
2024020891,91,faceoff,2,REG,02:29,17:31,-69.0,-22.0,O,14.0,14,8,1551,left,,,,,,,,,,
2024020891,631,shot-on-goal,2,REG,02:40,17:20,30.0,1.0,O,8.0,14,8,1551,left,slap,8481593.0,8476883.0,7.0,13.0,,,,,
2024020891,632,missed-shot,2,REG,02:44,17:16,80.0,-7.0,O,8.0,14,8,1551,left,backhand,8476469.0,8476883.0,,,,,,,
2024020891,685,hit,2,REG,02:48,17:12,92.0,29.0,N,14.0,14,8,1551,left,,,,,,,,,,
2024020891,691,giveaway,2,REG,02:57,17:03,-88.0,-23.0,D,8.0,14,8,1551,left,,,,,,,,,,
2024020891,692,hit,2,REG,03:14,16:46,97.0,23.0,N,8.0,14,8,1551,left,,,,,,,,,,
2024020891,641,shot-on-goal,2,REG,03:21,16:39,-2.0,-33.0,N,8.0,14,8,1551,left,backhand,8476875.0,8476883.0,7.0,14.0,,,,,
2024020891,40,stoppage,2,REG,03:26,16:34,,,,,14,8,1551,left,,,,,,,,,,
2024020891,92,faceoff,2,REG,03:26,16:34,69.0,-22.0,D,14.0,14,8,1551,left,,,,,,,,,,
2024020891,701,takeaway,2,REG,03:34,16:26,-80.0,34.0,D,8.0,14,8,1551,left,,,,,,,,,,
2024020891,644,shot-on-goal,2,REG,03:36,16:24,-66.0,18.0,O,14.0,14,8,1551,left,snap,8477404.0,8478470.0,8.0,14.0,,,,,
2024020891,645,blocked-shot,2,REG,03:39,16:21,-72.0,-25.0,D,14.0,14,8,1551,left,,8475167.0,,,,,,,,
2024020891,206,shot-on-goal,2,REG,03:45,16:15,81.0,-1.0,O,8.0,14,8,1551,left,deflected,8476981.0,8476883.0,8.0,15.0,,,,,
2024020891,646,shot-on-goal,2,REG,03:59,16:01,63.0,21.0,O,8.0,14,8,1551,left,snap,8476981.0,8476883.0,8.0,16.0,,,,,
2024020891,41,stoppage,2,REG,04:02,15:58,,,,,14,8,1551,left,,,,,,,,,,
2024020891,93,faceoff,2,REG,04:02,15:58,69.0,22.0,D,14.0,14,8,1551,left,,,,,,,,,,
2024020891,741,takeaway,2,REG,04:50,15:10,-12.0,-26.0,N,8.0,14,8,1551,left,,,,,,,,,,
2024020891,748,takeaway,2,REG,04:58,15:02,80.0,18.0,D,14.0,14,8,1551,left,,,,,,,,,,
2024020891,661,blocked-shot,2,REG,05:12,14:48,-70.0,9.0,D,14.0,14,8,1551,left,,8478178.0,,,,,,,,
2024020891,727,hit,2,REG,05:17,14:43,-77.0,-42.0,N,14.0,14,8,1551,left,,,,,,,,,,
2024020891,734,hit,2,REG,05:23,14:37,98.0,-21.0,N,8.0,14,8,1551,left,,,,,,,,,,
2024020891,665,blocked-shot,2,REG,05:30,14:30,81.0,-2.0,D,8.0,14,8,1551,left,,8478851.0,,,,,,,,
2024020891,42,stoppage,2,REG,05:33,14:27,,,,,14,8,1551,left,,,,,,,,,,
2024020891,94,faceoff,2,REG,05:33,14:27,69.0,-22.0,O,8.0,14,8,1551,left,,,,,,,,,,
2024020891,672,shot-on-goal,2,REG,05:36,14:24,29.0,-2.0,O,8.0,14,8,1551,left,snap,8478851.0,8476883.0,8.0,17.0,,,,,
2024020891,43,stoppage,2,REG,06:03,13:57,,,,,14,8,1551,left,,,,,,,,,,
2024020891,95,faceoff,2,REG,06:03,13:57,69.0,22.0,D,14.0,14,8,1551,left,,,,,,,,,,
2024020891,680,blocked-shot,2,REG,06:19,13:41,-79.0,9.0,D,14.0,14,8,1551,left,,8480246.0,,,,,,,,
2024020891,681,blocked-shot,2,REG,06:23,13:37,-40.0,11.0,D,14.0,14,8,1551,left,,8475167.0,,,,,,,,
2024020891,771,takeaway,2,REG,06:27,13:33,-50.0,-28.0,O,14.0,14,8,1551,left,,,,,,,,,,
2024020891,772,giveaway,2,REG,06:29,13:31,-30.0,-32.0,O,14.0,14,8,1551,left,,,,,,,,,,
2024020891,44,stoppage,2,REG,06:33,13:27,,,,,14,8,1551,left,,,,,,,,,,
2024020891,96,faceoff,2,REG,06:33,13:27,-69.0,-22.0,O,14.0,14,8,1551,left,,,,,,,,,,
2024020891,689,goal,2,REG,06:43,13:17,-84.0,-4.0,O,14.0,14,8,1551,left,snap,,8478470.0,,,8476878.0,8474715.0,8479591.0,4.0,1.0
2024020891,97,faceoff,2,REG,06:43,13:17,0.0,0.0,N,14.0,14,8,1551,left,,,,,,,,,,
2024020891,785,giveaway,2,REG,07:38,12:22,99.0,-1.0,D,14.0,14,8,1551,left,,,,,,,,,,
2024020891,764,hit,2,REG,07:56,12:04,40.0,-26.0,N,14.0,14,8,1551,left,,,,,,,,,,
2024020891,789,giveaway,2,REG,07:57,12:03,36.0,-27.0,O,8.0,14,8,1551,left,,,,,,,,,,
2024020891,703,shot-on-goal,2,REG,08:28,11:32,-65.0,-17.0,O,14.0,14,8,1551,left,snap,8477404.0,8478470.0,9.0,17.0,,,,,
2024020891,706,blocked-shot,2,REG,08:38,11:22,88.0,-7.0,D,8.0,14,8,1551,left,,8477989.0,,,,,,,,
2024020891,794,takeaway,2,REG,09:13,10:47,76.0,41.0,O,8.0,14,8,1551,left,,,,,,,,,,
2024020891,795,giveaway,2,REG,09:14,10:46,49.0,40.0,O,8.0,14,8,1551,left,,,,,,,,,,
2024020891,801,giveaway,2,REG,09:33,10:27,55.0,38.0,O,8.0,14,8,1551,left,,,,,,,,,,
2024020891,45,stoppage,2,REG,09:39,10:21,,,,,14,8,1551,left,,,,,,,,,,
2024020891,99,faceoff,2,REG,09:39,10:21,69.0,-22.0,O,8.0,14,8,1551,left,,,,,,,,,,
2024020891,719,blocked-shot,2,REG,09:42,10:18,59.0,14.0,D,8.0,14,8,1551,left,,8478851.0,,,,,,,,
2024020891,774,hit,2,REG,09:44,10:16,98.0,21.0,N,14.0,14,8,1551,left,,,,,,,,,,
2024020891,720,blocked-shot,2,REG,09:48,10:12,71.0,3.0,D,8.0,14,8,1551,left,,8478851.0,,,,,,,,
2024020891,722,missed-shot,2,REG,10:05,09:55,37.0,0.0,O,8.0,14,8,1551,left,snap,8481540.0,8476883.0,,,,,,,
2024020891,207,blocked-shot,2,REG,10:09,09:51,86.0,-17.0,O,8.0,14,8,1551,left,,8481540.0,,,,,,,,
2024020891,777,hit,2,REG,10:12,09:48,33.0,-40.0,N,8.0,14,8,1551,left,,,,,,,,,,
2024020891,814,giveaway,2,REG,10:26,09:34,-45.0,-6.0,O,14.0,14,8,1551,left,,,,,,,,,,
2024020891,729,missed-shot,2,REG,10:35,09:25,55.0,-14.0,O,8.0,14,8,1551,left,snap,8481618.0,8476883.0,,,,,,,
2024020891,46,stoppage,2,REG,10:39,09:21,,,,,14,8,1551,left,,,,,,,,,,
2024020891,100,faceoff,2,REG,10:39,09:21,69.0,-22.0,D,14.0,14,8,1551,left,,,,,,,,,,
2024020891,804,hit,2,REG,10:49,09:11,-84.0,-39.0,N,8.0,14,8,1551,left,,,,,,,,,,
2024020891,735,missed-shot,2,REG,11:04,08:56,-38.0,21.0,O,14.0,14,8,1551,left,snap,8474151.0,8478470.0,,,,,,,
2024020891,736,blocked-shot,2,REG,11:12,08:48,-52.0,25.0,D,14.0,14,8,1551,left,,8478416.0,,,,,,,,
2024020891,738,blocked-shot,2,REG,11:21,08:39,-76.0,4.0,D,14.0,14,8,1551,left,,8478416.0,,,,,,,,
2024020891,828,giveaway,2,REG,11:25,08:35,-89.0,-37.0,D,8.0,14,8,1551,left,,,,,,,,,,
2024020891,739,blocked-shot,2,REG,11:38,08:22,-80.0,-2.0,D,14.0,14,8,1551,left,,8474151.0,,,,,,,,
2024020891,47,stoppage,2,REG,12:13,07:47,,,,,14,8,1551,left,,,,,,,,,,
2024020891,501,faceoff,2,REG,12:13,07:47,-20.0,22.0,N,14.0,14,8,1551,left,,,,,,,,,,
2024020891,832,hit,2,REG,12:23,07:37,-95.0,-29.0,N,14.0,14,8,1551,left,,,,,,,,,,
2024020891,750,missed-shot,2,REG,12:39,07:21,77.0,29.0,O,8.0,14,8,1551,left,snap,8483515.0,8476883.0,,,,,,,
2024020891,751,goal,2,REG,12:45,07:15,50.0,-17.0,O,8.0,14,8,1551,left,snap,,8476883.0,,,8477989.0,8475233.0,8483515.0,4.0,2.0
2024020891,502,faceoff,2,REG,12:45,07:15,0.0,0.0,N,8.0,14,8,1551,left,,,,,,,,,,
2024020891,833,giveaway,2,REG,12:55,07:05,-16.0,-17.0,N,14.0,14,8,1551,left,,,,,,,,,,
2024020891,835,hit,2,REG,12:58,07:02,-16.0,-34.0,N,14.0,14,8,1551,left,,,,,,,,,,
2024020891,760,missed-shot,2,REG,13:51,06:09,-71.0,26.0,O,14.0,14,8,1551,left,snap,8479542.0,8478470.0,,,,,,,
2024020891,834,giveaway,2,REG,14:09,05:51,-86.0,11.0,D,14.0,14,8,1551,left,,,,,,,,,,
2024020891,767,blocked-shot,2,REG,14:24,05:36,-79.0,3.0,D,14.0,14,8,1551,left,,8479542.0,,,,,,,,
2024020891,768,shot-on-goal,2,REG,14:35,05:25,-67.0,32.0,O,14.0,14,8,1551,left,snap,8478416.0,8478470.0,10.0,17.0,,,,,
2024020891,48,stoppage,2,REG,14:37,05:23,,,,,14,8,1551,left,,,,,,,,,,
2024020891,503,faceoff,2,REG,14:37,05:23,-69.0,22.0,D,8.0,14,8,1551,left,,,,,,,,,,
2024020891,49,stoppage,2,REG,14:53,05:07,,,,,14,8,1551,left,,,,,,,,,,
2024020891,504,faceoff,2,REG,14:53,05:07,-69.0,-22.0,D,8.0,14,8,1551,left,,,,,,,,,,
2024020891,837,hit,2,REG,15:22,04:38,75.0,-40.0,N,14.0,14,8,1551,left,,,,,,,,,,
2024020891,839,hit,2,REG,15:25,04:35,98.0,-10.0,N,8.0,14,8,1551,left,,,,,,,,,,
2024020891,778,missed-shot,2,REG,15:31,04:29,-68.0,-4.0,O,14.0,14,8,1551,left,snap,8482201.0,8478470.0,,,,,,,
2024020891,840,hit,2,REG,15:45,04:15,94.0,-30.0,N,8.0,14,8,1551,left,,,,,,,,,,
2024020891,836,takeaway,2,REG,15:53,04:07,-44.0,-40.0,O,8.0,14,8,1551,left,,,,,,,,,,
2024020891,838,takeaway,2,REG,16:02,03:58,78.0,-35.0,O,14.0,14,8,1551,left,,,,,,,,,,
2024020891,842,hit,2,REG,16:13,03:47,-98.0,-21.0,N,14.0,14,8,1551,left,,,,,,,,,,
2024020891,50,stoppage,2,REG,16:27,03:33,,,,,14,8,1551,left,,,,,,,,,,
2024020891,505,faceoff,2,REG,16:27,03:33,69.0,22.0,D,14.0,14,8,1551,left,,,,,,,,,,
2024020891,841,takeaway,2,REG,16:32,03:28,99.0,3.0,D,8.0,14,8,1551,left,,,,,,,,,,
2024020891,796,shot-on-goal,2,REG,17:09,02:51,80.0,2.0,O,8.0,14,8,1551,left,tip-in,8476981.0,8476883.0,10.0,18.0,,,,,
2024020891,843,hit,2,REG,17:12,02:48,93.0,30.0,N,8.0,14,8,1551,left,,,,,,,,,,
2024020891,798,missed-shot,2,REG,17:19,02:41,84.0,9.0,O,8.0,14,8,1551,left,tip-in,8481523.0,8476883.0,,,,,,,
2024020891,799,blocked-shot,2,REG,17:27,02:33,77.0,-3.0,D,8.0,14,8,1551,left,,8483457.0,,,,,,,,
2024020891,401,stoppage,2,REG,18:50,01:10,,,,,14,8,1551,left,,,,,,,,,,
2024020891,506,faceoff,2,REG,18:50,01:10,69.0,22.0,O,8.0,14,8,1551,left,,,,,,,,,,
2024020891,818,blocked-shot,2,REG,18:53,01:07,51.0,10.0,D,8.0,14,8,1551,left,,8476875.0,,,,,,,,
2024020891,402,stoppage,2,REG,19:10,00:50,,,,,14,8,1551,left,,,,,,,,,,
2024020891,507,faceoff,2,REG,19:10,00:50,69.0,-22.0,O,8.0,14,8,1551,left,,,,,,,,,,
2024020891,826,shot-on-goal,2,REG,19:39,00:21,92.0,22.0,O,8.0,14,8,1551,left,backhand,8481540.0,8476883.0,10.0,19.0,,,,,
2024020891,827,shot-on-goal,2,REG,19:46,00:14,29.0,15.0,O,8.0,14,8,1551,left,snap,8483457.0,8476883.0,10.0,20.0,,,,,
2024020891,829,blocked-shot,2,REG,19:51,00:09,66.0,7.0,D,8.0,14,8,1551,left,,8483457.0,,,,,,,,
2024020891,403,period-end,2,REG,20:00,00:00,,,,,14,8,1551,left,,,,,,,,,,
2024020891,509,period-start,3,REG,00:00,20:00,,,,,14,8,1551,right,,,,,,,,,,
2024020891,508,faceoff,3,REG,00:00,20:00,0.0,0.0,N,14.0,14,8,1551,right,,,,,,,,,,
2024020891,850,shot-on-goal,3,REG,00:14,19:46,83.0,15.0,O,14.0,14,8,1551,right,snap,8482201.0,8478470.0,11.0,20.0,,,,,
2024020891,851,blocked-shot,3,REG,00:30,19:30,-63.0,-8.0,D,8.0,14,8,1551,right,,8481618.0,,,,,,,,
2024020891,870,giveaway,3,REG,00:57,19:03,-47.0,-42.0,O,8.0,14,8,1551,right,,,,,,,,,,
2024020891,861,shot-on-goal,3,REG,01:31,18:29,-78.0,-24.0,O,8.0,14,8,1551,right,snap,8481540.0,8476883.0,11.0,21.0,,,,,
2024020891,877,hit,3,REG,01:52,18:08,-36.0,-39.0,N,14.0,14,8,1551,right,,,,,,,,,,
2024020891,864,missed-shot,3,REG,01:57,18:03,-80.0,8.0,O,8.0,14,8,1551,right,tip-in,8481540.0,8476883.0,,,,,,,
2024020891,872,blocked-shot,3,REG,02:19,17:41,68.0,-34.0,D,14.0,14,8,1551,right,,8479591.0,,,,,,,,
2024020891,208,shot-on-goal,3,REG,02:20,17:40,80.0,-4.0,O,14.0,14,8,1551,right,deflected,8476878.0,8478470.0,12.0,21.0,,,,,
2024020891,888,hit,3,REG,02:28,17:32,-93.0,-33.0,N,14.0,14,8,1551,right,,,,,,,,,,
2024020891,408,stoppage,3,REG,02:38,17:22,,,,,14,8,1551,right,,,,,,,,,,
2024020891,510,faceoff,3,REG,02:38,17:22,-69.0,22.0,D,14.0,14,8,1551,right,,,,,,,,,,
2024020891,901,hit,3,REG,02:56,17:04,-98.0,-15.0,N,14.0,14,8,1551,right,,,,,,,,,,
2024020891,880,shot-on-goal,3,REG,03:06,16:54,-75.0,11.0,O,8.0,14,8,1551,right,tip-in,8476469.0,8476883.0,12.0,22.0,,,,,
2024020891,409,delayed-penalty,3,REG,03:11,16:49,,,,14.0,14,8,1551,right,,,,,,,,,,
2024020891,884,penalty,3,REG,03:14,16:46,-88.0,-15.0,D,14.0,14,8,1551,right,,,,,,,,,,
2024020891,511,faceoff,3,REG,03:14,16:46,-69.0,22.0,O,8.0,14,8,1451,right,,,,,,,,,,
2024020891,887,missed-shot,3,REG,03:20,16:40,-59.0,-20.0,O,8.0,14,8,1451,right,slap,8480018.0,8476883.0,,,,,,,
2024020891,410,stoppage,3,REG,03:21,16:39,,,,,14,8,1451,right,,,,,,,,,,
2024020891,512,faceoff,3,REG,03:21,16:39,-69.0,-22.0,O,8.0,14,8,1451,right,,,,,,,,,,
2024020891,890,shot-on-goal,3,REG,03:34,16:26,-69.0,6.0,O,8.0,14,8,1451,right,snap,8480018.0,8476883.0,12.0,23.0,,,,,
2024020891,892,blocked-shot,3,REG,03:39,16:21,-59.0,-1.0,D,8.0,14,8,1451,right,,8483457.0,,,,,,,,
2024020891,906,missed-shot,3,REG,05:17,14:43,-51.0,-38.0,O,8.0,14,8,1551,right,wrist,8477989.0,8476883.0,,,,,,,
2024020891,907,shot-on-goal,3,REG,05:24,14:36,-80.0,2.0,O,8.0,14,8,1551,right,deflected,8481523.0,8476883.0,12.0,24.0,,,,,
2024020891,411,stoppage,3,REG,05:26,14:34,,,,,14,8,1551,right,,,,,,,,,,
2024020891,513,faceoff,3,REG,05:26,14:34,-69.0,22.0,O,8.0,14,8,1551,right,,,,,,,,,,
2024020891,912,shot-on-goal,3,REG,05:45,14:15,-84.0,3.0,O,8.0,14,8,1551,right,backhand,8476981.0,8476883.0,12.0,25.0,,,,,
2024020891,920,hit,3,REG,05:52,14:08,-56.0,41.0,N,14.0,14,8,1551,right,,,,,,,,,,
2024020891,913,blocked-shot,3,REG,05:54,14:06,-79.0,5.0,D,8.0,14,8,1551,right,,8481593.0,,,,,,,,
2024020891,925,hit,3,REG,06:00,14:00,-50.0,23.0,N,8.0,14,8,1551,right,,,,,,,,,,
2024020891,412,stoppage,3,REG,06:08,13:52,,,,,14,8,1551,right,,,,,,,,,,
2024020891,514,faceoff,3,REG,06:08,13:52,20.0,-22.0,N,8.0,14,8,1551,right,,,,,,,,,,
2024020891,928,giveaway,3,REG,06:22,13:38,-36.0,42.0,D,14.0,14,8,1551,right,,,,,,,,,,
2024020891,413,stoppage,3,REG,06:35,13:25,,,,,14,8,1551,right,,,,,,,,,,
2024020891,515,faceoff,3,REG,06:35,13:25,-69.0,-22.0,O,8.0,14,8,1551,right,,,,,,,,,,
2024020891,921,shot-on-goal,3,REG,06:37,13:23,-44.0,-19.0,O,8.0,14,8,1551,right,snap,8476875.0,8476883.0,12.0,26.0,,,,,
2024020891,414,stoppage,3,REG,06:39,13:21,,,,,14,8,1551,right,,,,,,,,,,
2024020891,516,faceoff,3,REG,06:39,13:21,-69.0,-22.0,O,8.0,14,8,1551,right,,,,,,,,,,
2024020891,944,hit,3,REG,07:23,12:37,-98.0,16.0,N,14.0,14,8,1551,right,,,,,,,,,,
2024020891,415,stoppage,3,REG,07:40,12:20,,,,,14,8,1551,right,,,,,,,,,,
2024020891,517,faceoff,3,REG,07:40,12:20,-69.0,22.0,O,8.0,14,8,1551,right,,,,,,,,,,
2024020891,956,hit,3,REG,08:11,11:49,20.0,-41.0,N,8.0,14,8,1551,right,,,,,,,,,,
2024020891,416,stoppage,3,REG,08:34,11:26,,,,,14,8,1551,right,,,,,,,,,,
2024020891,518,faceoff,3,REG,08:34,11:26,69.0,-22.0,D,8.0,14,8,1551,right,,,,,,,,,,
2024020891,970,takeaway,3,REG,08:41,11:19,-42.0,20.0,O,8.0,14,8,1551,right,,,,,,,,,,
2024020891,964,hit,3,REG,08:45,11:15,-46.0,40.0,N,14.0,14,8,1551,right,,,,,,,,,,
2024020891,968,hit,3,REG,08:54,11:06,-18.0,32.0,N,8.0,14,8,1551,right,,,,,,,,,,
2024020891,519,shot-on-goal,3,REG,08:59,11:01,82.0,-14.0,O,14.0,14,8,1551,right,wrist,8478178.0,8478470.0,13.0,26.0,,,,,
2024020891,980,hit,3,REG,08:59,11:01,97.0,-20.0,N,8.0,14,8,1551,right,,,,,,,,,,
2024020891,417,stoppage,3,REG,09:00,11:00,,,,,14,8,1551,right,,,,,,,,,,
2024020891,520,faceoff,3,REG,09:00,11:00,69.0,-22.0,D,8.0,14,8,1551,right,,,,,,,,,,
2024020891,951,shot-on-goal,3,REG,09:04,10:56,74.0,40.0,D,8.0,14,8,1551,right,wrist,8478851.0,8476883.0,13.0,27.0,,,,,
2024020891,418,stoppage,3,REG,09:10,10:50,,,,,14,8,1551,right,,,,,,,,,,
2024020891,522,faceoff,3,REG,09:10,10:50,-69.0,-22.0,O,8.0,14,8,1551,right,,,,,,,,,,
2024020891,954,goal,3,REG,09:19,10:41,-55.0,-11.0,O,8.0,14,8,1551,right,snap,,8476883.0,,,8475848.0,,,4.0,3.0
2024020891,523,faceoff,3,REG,09:19,10:41,0.0,0.0,N,14.0,14,8,1551,right,,,,,,,,,,
2024020891,959,missed-shot,3,REG,09:42,10:18,67.0,2.0,O,14.0,14,8,1551,right,tip-in,8477426.0,8478470.0,,,,,,,
2024020891,960,shot-on-goal,3,REG,09:51,10:09,32.0,-30.0,O,14.0,14,8,1551,right,snap,8478416.0,8478470.0,14.0,27.0,,,,,
2024020891,419,stoppage,3,REG,09:53,10:07,,,,,14,8,1551,right,,,,,,,,,,
2024020891,524,faceoff,3,REG,09:53,10:07,69.0,-22.0,D,8.0,14,8,1551,right,,,,,,,,,,
2024020891,998,giveaway,3,REG,10:14,09:46,-11.0,-25.0,N,8.0,14,8,1551,right,,,,,,,,,,
2024020891,969,shot-on-goal,3,REG,10:27,09:33,-50.0,-11.0,O,8.0,14,8,1551,right,snap,8483424.0,8476883.0,14.0,28.0,,,,,
2024020891,1060,hit,3,REG,10:30,09:30,-82.0,-39.0,N,14.0,14,8,1551,right,,,,,,,,,,
2024020891,1059,giveaway,3,REG,10:33,09:27,-69.0,-41.0,D,14.0,14,8,1551,right,,,,,,,,,,
2024020891,1068,hit,3,REG,10:38,09:22,-93.0,31.0,N,8.0,14,8,1551,right,,,,,,,,,,
2024020891,1061,takeaway,3,REG,10:39,09:21,-93.0,32.0,O,8.0,14,8,1551,right,,,,,,,,,,
2024020891,1085,hit,3,REG,10:44,09:16,-75.0,32.0,N,14.0,14,8,1551,right,,,,,,,,,,
2024020891,971,shot-on-goal,3,REG,10:47,09:13,-84.0,17.0,O,8.0,14,8,1551,right,snap,8483424.0,8476883.0,14.0,29.0,,,,,
2024020891,1063,giveaway,3,REG,11:05,08:55,-10.0,-38.0,N,8.0,14,8,1551,right,,,,,,,,,,
2024020891,1090,hit,3,REG,11:10,08:50,45.0,-41.0,N,8.0,14,8,1551,right,,,,,,,,,,
2024020891,1067,giveaway,3,REG,11:21,08:39,39.0,41.0,D,8.0,14,8,1551,right,,,,,,,,,,
2024020891,983,shot-on-goal,3,REG,11:22,08:38,28.0,40.0,O,14.0,14,8,1551,right,snap,8482929.0,8478470.0,15.0,29.0,,,,,
2024020891,420,stoppage,3,REG,11:25,08:35,,,,,14,8,1551,right,,,,,,,,,,
2024020891,525,faceoff,3,REG,11:25,08:35,69.0,22.0,D,8.0,14,8,1551,right,,,,,,,,,,
2024020891,421,stoppage,3,REG,11:29,08:31,,,,,14,8,1551,right,,,,,,,,,,
2024020891,526,faceoff,3,REG,11:29,08:31,69.0,22.0,D,8.0,14,8,1551,right,,,,,,,,,,
2024020891,422,stoppage,3,REG,11:34,08:26,,,,,14,8,1551,right,,,,,,,,,,
2024020891,527,faceoff,3,REG,11:34,08:26,69.0,22.0,D,8.0,14,8,1551,right,,,,,,,,,,
2024020891,990,missed-shot,3,REG,11:44,08:16,-47.0,-23.0,O,8.0,14,8,1551,right,wrist,8476981.0,8476883.0,,,,,,,
2024020891,993,blocked-shot,3,REG,12:11,07:49,-69.0,18.0,D,8.0,14,8,1551,right,,8481618.0,,,,,,,,
2024020891,423,stoppage,3,REG,12:12,07:48,,,,,14,8,1551,right,,,,,,,,,,
2024020891,528,faceoff,3,REG,12:12,07:48,-69.0,22.0,O,8.0,14,8,1551,right,,,,,,,,,,
2024020891,999,missed-shot,3,REG,12:15,07:45,-45.0,8.0,O,8.0,14,8,1551,right,snap,8483457.0,8476883.0,,,,,,,
2024020891,1094,giveaway,3,REG,12:47,07:13,16.0,31.0,N,8.0,14,8,1551,right,,,,,,,,,,
2024020891,1104,takeaway,3,REG,12:48,07:12,-37.0,-31.0,O,8.0,14,8,1551,right,,,,,,,,,,
2024020891,1055,shot-on-goal,3,REG,13:06,06:54,-58.0,8.0,O,8.0,14,8,1551,right,snap,8475233.0,8476883.0,15.0,30.0,,,,,
2024020891,424,stoppage,3,REG,13:08,06:52,,,,,14,8,1551,right,,,,,,,,,,
2024020891,529,faceoff,3,REG,13:08,06:52,-69.0,22.0,O,8.0,14,8,1551,right,,,,,,,,,,
2024020891,1115,takeaway,3,REG,13:19,06:41,-85.0,-35.0,O,8.0,14,8,1551,right,,,,,,,,,,
2024020891,1114,hit,3,REG,13:36,06:24,92.0,32.0,N,14.0,14,8,1551,right,,,,,,,,,,
2024020891,1117,giveaway,3,REG,13:46,06:14,-99.0,-2.0,D,14.0,14,8,1551,right,,,,,,,,,,
2024020891,1119,giveaway,3,REG,13:51,06:09,-96.0,-20.0,O,8.0,14,8,1551,right,,,,,,,,,,
2024020891,530,missed-shot,3,REG,14:09,05:51,-76.0,-8.0,O,8.0,14,8,1551,right,wrist,8482964.0,8476883.0,,,,,,,
2024020891,1128,hit,3,REG,14:15,05:45,58.0,8.0,N,8.0,14,8,1551,right,,,,,,,,,,
2024020891,1075,shot-on-goal,3,REG,14:17,05:43,78.0,26.0,O,14.0,14,8,1551,right,snap,8477404.0,8478470.0,16.0,30.0,,,,,
2024020891,531,missed-shot,3,REG,14:44,05:16,-68.0,29.0,O,8.0,14,8,1551,right,slap,8481618.0,8476883.0,,,,,,,
2024020891,1142,hit,3,REG,15:12,04:48,58.0,8.0,N,8.0,14,8,1551,right,,,,,,,,,,
2024020891,425,stoppage,3,REG,15:25,04:35,,,,,14,8,1551,right,,,,,,,,,,
2024020891,532,faceoff,3,REG,15:25,04:35,69.0,-22.0,O,14.0,14,8,1551,right,,,,,,,,,,
2024020891,1088,blocked-shot,3,REG,15:28,04:32,41.0,-7.0,D,14.0,14,8,1551,right,,8478416.0,,,,,,,,
2024020891,426,stoppage,3,REG,15:30,04:30,,,,,14,8,1551,right,,,,,,,,,,
2024020891,533,faceoff,3,REG,15:30,04:30,69.0,-22.0,O,14.0,14,8,1551,right,,,,,,,,,,
2024020891,1148,hit,3,REG,15:34,04:26,-11.0,-40.0,N,14.0,14,8,1551,right,,,,,,,,,,
2024020891,210,missed-shot,3,REG,15:46,04:14,-82.0,-11.0,O,8.0,14,8,1551,right,snap,8477989.0,8476883.0,,,,,,,
2024020891,1158,hit,3,REG,15:51,04:09,-99.0,12.0,N,8.0,14,8,1551,right,,,,,,,,,,
2024020891,1143,giveaway,3,REG,15:53,04:07,-98.0,9.0,D,14.0,14,8,1551,right,,,,,,,,,,
2024020891,427,stoppage,3,REG,16:20,03:40,,,,,14,8,1551,right,,,,,,,,,,
2024020891,534,faceoff,3,REG,16:20,03:40,69.0,-22.0,D,8.0,14,8,1551,right,,,,,,,,,,
2024020891,1106,blocked-shot,3,REG,16:39,03:21,76.0,-14.0,D,14.0,14,8,1551,right,,8478010.0,,,,,,,,
2024020891,1149,takeaway,3,REG,16:44,03:16,23.0,36.0,N,14.0,14,8,1551,right,,,,,,,,,,
2024020891,1151,giveaway,3,REG,16:47,03:13,-9.0,26.0,N,14.0,14,8,1551,right,,,,,,,,,,
2024020891,1116,missed-shot,3,REG,17:19,02:41,54.0,20.0,O,14.0,14,8,1551,right,snap,8479542.0,8478470.0,,,,,,,
2024020891,1156,giveaway,3,REG,17:24,02:36,7.0,-41.0,N,8.0,14,8,1551,right,,,,,,,,,,
2024020891,1160,giveaway,3,REG,17:25,02:35,-13.0,-34.0,N,14.0,14,8,1551,right,,,,,,,,,,
2024020891,1121,blocked-shot,3,REG,17:42,02:18,-70.0,13.0,D,8.0,14,8,1551,right,,8481618.0,,,,,,,,
2024020891,1163,hit,3,REG,18:22,01:38,-96.0,28.0,N,14.0,14,8,1560,right,,,,,,,,,,
2024020891,1133,missed-shot,3,REG,18:23,01:37,-74.0,10.0,O,8.0,14,8,1560,right,snap,8481540.0,8476883.0,,,,,,,
2024020891,1134,blocked-shot,3,REG,18:32,01:28,-59.0,10.0,D,8.0,14,8,1560,right,,8482964.0,,,,,,,,
2024020891,1137,missed-shot,3,REG,18:57,01:03,-81.0,-4.0,O,8.0,14,8,1560,right,deflected,8483515.0,8476883.0,,,,,,,
2024020891,1138,shot-on-goal,3,REG,19:09,00:51,-58.0,-30.0,O,8.0,14,8,1560,right,slap,8479339.0,8476883.0,16.0,31.0,,,,,
2024020891,428,stoppage,3,REG,19:11,00:49,,,,,14,8,1560,right,,,,,,,,,,
2024020891,536,faceoff,3,REG,19:11,00:49,-69.0,-22.0,O,8.0,14,8,1560,right,,,,,,,,,,
2024020891,1144,shot-on-goal,3,REG,19:20,00:40,-67.0,22.0,O,8.0,14,8,1560,right,snap,8481540.0,8476883.0,16.0,32.0,,,,,
2024020891,429,stoppage,3,REG,19:21,00:39,,,,,14,8,1560,right,,,,,,,,,,
2024020891,537,faceoff,3,REG,19:21,00:39,-69.0,22.0,D,14.0,14,8,1560,right,,,,,,,,,,
2024020891,1150,blocked-shot,3,REG,19:26,00:34,32.0,31.0,D,14.0,14,8,1560,right,,8477404.0,,,,,,,,
2024020891,1152,blocked-shot,3,REG,19:39,00:21,68.0,17.0,D,14.0,14,8,1560,right,,8477404.0,,,,,,,,
2024020891,1153,blocked-shot,3,REG,19:42,00:18,77.0,0.0,D,14.0,14,8,1560,right,,8479542.0,,,,,,,,
2024020891,1154,goal,3,REG,19:44,00:16,64.0,1.0,O,14.0,14,8,1560,right,snap,,,,,8478519.0,8477404.0,8479542.0,5.0,3.0
2024020891,538,faceoff,3,REG,19:44,00:16,0.0,0.0,N,14.0,14,8,1551,right,,,,,,,,,,
2024020891,430,period-end,3,REG,20:00,00:00,,,,,14,8,1551,right,,,,,,,,,,
2024020891,434,game-end,3,REG,20:00,00:00,,,,,14,8,1551,right,,,,,,,,,,
